Date,Open,High,Low,Close,Volume,Dividends,Stock Splits
2019-01-02 00:00:00-05:00,19.17010715900303,19.672566778458123,18.969974469662123,19.05939483642578,3952300,0.0,0.0
2019-01-03 00:00:00-05:00,19.04235979561827,19.29784697158343,18.752806796538906,18.880550384521484,2940800,0.0,0.0
2019-01-04 00:00:00-05:00,18.999778562263888,19.698111731055207,18.999778562263888,19.647014617919922,3017400,0.0,0.0
2019-01-07 00:00:00-05:00,19.68960122516074,20.349611298024506,19.64276151768393,19.97915267944336,5250900,0.0,0.0
2019-01-08 00:00:00-05:00,20.021729091514427,20.31979854074841,19.851403227852774,19.98766326904297,3681700,0.0,0.0
2019-01-09 00:00:00-05:00,19.97063678775343,20.072831031063494,19.77050409344459,19.851408004760742,3416900,0.0,0.0
2019-01-10 00:00:00-05:00,19.808822814193128,20.54122176272792,19.808822814193128,20.532705307006836,4586800,0.0,0.0
2019-01-11 00:00:00-05:00,20.51567821039997,20.51567821039997,20.004702092741965,20.260190963745117,3299300,0.0,0.0
2019-01-14 00:00:00-05:00,20.132444069501744,20.29425351213504,19.851407471427162,20.055797576904297,4236800,0.0,0.0
2019-01-15 00:00:00-05:00,19.953602069634407,20.456061656165513,19.953602069634407,20.209089279174805,3058600,0.0,0.0
2019-01-16 00:00:00-05:00,20.192054779766266,20.73283756769742,20.14947412296927,20.651933670043945,3899200,0.0,0.0
2019-01-17 00:00:00-05:00,20.660451400279268,21.11181386216078,20.609354284102427,20.958520889282227,3331700,0.0,0.0
2019-01-18 00:00:00-05:00,21.0351671053102,21.162910706284148,20.53270753371107,20.60935401916504,3435600,0.0,0.0
2019-01-22 00:00:00-05:00,20.72857780487262,20.822257188437185,20.439024823261924,20.677480697631836,3867000,0.0,0.0
2019-01-23 00:00:00-05:00,20.762644810170205,21.23104016700564,20.762644810170205,21.08626365661621,4387800,0.0,0.0
2019-01-24 00:00:00-05:00,21.07774922947448,21.192718965647938,20.82226200976556,20.98406982421875,3841900,0.0,0.0
2019-01-25 00:00:00-05:00,20.992582321166992,21.154391729442676,20.873355191041657,20.992582321166992,3375700,0.0,0.0
2019-01-28 00:00:00-05:00,20.84780822830934,21.052198313957707,20.76264528653552,20.78819465637207,3821300,0.0,0.0
2019-01-29 00:00:00-05:00,20.779679723581985,21.1629121774935,20.779679723581985,20.98406982421875,2159800,0.0,0.0
2019-01-30 00:00:00-05:00,21.077742443183475,21.333229580634534,21.018128886068066,21.222518920898438,2272500,0.0,0.0
2019-01-31 00:00:00-05:00,21.17142612423322,21.601496605426934,21.077746730085945,21.38433265686035,3321200,0.0,0.0
2019-02-01 00:00:00-05:00,21.375818689282013,21.68240302740212,21.324721570320015,21.350269317626953,3218000,0.0,0.0
2019-02-04 00:00:00-05:00,21.375812823485017,21.74201226164378,21.23103633919778,21.63129997253418,3418400,0.0,0.0
2019-02-05 00:00:00-05:00,21.75053441343287,21.827179278744325,21.401366169234816,21.460981369018555,2689400,0.0,0.0
2019-02-06 00:00:00-05:00,21.426916289144813,21.67814609750635,21.367302711626508,21.5120792388916,2268100,0.0,0.0
2019-02-07 00:00:00-05:00,21.5035637086178,21.814407107899797,21.435433670752545,21.742019653320312,2210100,0.0,0.0
2019-02-08 00:00:00-05:00,21.70795231011177,22.091184761626817,21.699435852928314,22.08266830444336,3836100,0.0,0.0
2019-02-11 00:00:00-05:00,22.142278708116496,22.287055210797327,22.052858357023364,22.235958099365234,2210800,0.0,0.0
2019-02-12 00:00:00-05:00,22.35519159748024,22.661777602037155,22.312610929891047,22.389257431030273,3827600,0.0,0.0
2019-02-13 00:00:00-05:00,22.372217571383587,22.61067183483984,22.155052010766962,22.252988815307617,3822500,0.0,0.0
2019-02-14 00:00:00-05:00,22.26150781675773,22.516996645267266,22.20189424407658,22.40628433227539,2292600,0.0,0.0
2019-02-15 00:00:00-05:00,22.508476731552523,22.610670947782268,22.34666732744968,22.57660675048828,3044200,0.0,0.0
2019-02-19 00:00:00-05:00,22.542543299675376,22.746933377978625,22.482929729880425,22.644739151000977,3671800,0.0,0.0
2019-02-20 00:00:00-05:00,22.61067232287235,22.806547560529307,22.508478100427563,22.687318801879883,3886400,0.0,0.0
2019-02-21 00:00:00-05:00,22.576604238400993,22.874673647209317,22.508474227046026,22.78951072692871,2699600,0.0,0.0
2019-02-22 00:00:00-05:00,22.798032364923284,23.002422445459842,22.75545008292735,22.900226593017578,2100600,0.0,0.0
2019-02-25 00:00:00-05:00,22.900224851120143,22.913000346921145,22.48292826538935,22.61918830871582,2567300,0.0,0.0
2019-02-26 00:00:00-05:00,22.661773888023102,22.661773888023102,22.27854144513452,22.3807373046875,4181600,0.0,0.0
2019-02-27 00:00:00-05:00,22.38073182066656,22.512732810823948,22.184856606548266,22.27001953125,3589200,0.0,0.0
2019-02-28 00:00:00-05:00,22.125252795296646,22.568098899392492,21.815260522429554,22.17635154724121,4580200,0.0,0.0
2019-03-01 00:00:00-05:00,22.287054798194383,22.670287187709956,22.138020882464915,22.610671997070312,3233900,0.0,0.0
2019-03-04 00:00:00-05:00,22.72138338240308,22.78099694629212,21.324717173524498,21.656850814819336,7132300,0.0,0.0
2019-03-05 00:00:00-05:00,21.580203343426096,21.89104664388399,21.265101003259787,21.699430465698242,5089800,0.0,0.0
2019-03-06 00:00:00-05:00,21.65685236197836,21.74201529833863,21.401363552897543,21.486526489257812,4467900,0.0,0.0
2019-03-07 00:00:00-05:00,21.554659977098314,21.66537229946142,21.154396223538864,21.239559173583984,3579100,0.0,0.0
2019-03-08 00:00:00-05:00,21.086266381105577,21.40988364501717,20.92445693697569,21.4013671875,3973000,0.0,0.0
2019-03-11 00:00:00-04:00,21.42691073273879,21.571687222460582,21.333231349875355,21.503557205200195,3277400,0.0,0.0
2019-03-12 00:00:00-04:00,21.56317649863299,22.074152576074393,21.418399970430396,22.04008674621582,4597900,0.0,0.0
2019-03-13 00:00:00-04:00,22.108214462476592,22.49144688644436,22.086924133222386,22.159313201904297,5225600,0.0,0.0
2019-03-14 00:00:00-04:00,22.137923442994904,22.137923442994904,21.821299941368625,21.864086151123047,2368000,0.125,0.0
2019-03-15 00:00:00-04:00,21.864090870789358,22.12937065153678,21.658714081694004,21.8983211517334,3760700,0.0,0.0
2019-03-18 00:00:00-04:00,21.889754280937844,22.069459915161133,21.842688480732008,22.069459915161133,2922700,0.0,0.0
2019-03-19 00:00:00-04:00,22.086572468463995,22.223490263812028,21.817016476978793,21.889753341674805,2720900,0.0,0.0
2019-03-20 00:00:00-04:00,21.915427455090946,22.180705496678776,21.872639621164538,21.906869888305664,4261900,0.0,0.0
2019-03-21 00:00:00-04:00,21.932539073479134,22.46309674329334,21.932539073479134,22.36896514892578,2994500,0.0,0.0
2019-03-22 00:00:00-04:00,22.463101282857163,22.557232896247765,22.197823210434482,22.232051849365234,3882300,0.0,0.0
2019-03-25 00:00:00-04:00,22.317623844749335,22.548673257015725,22.069460930684297,22.326181411743164,4295800,0.0,0.0
2019-03-26 00:00:00-04:00,22.43743293366844,22.510171457819126,22.120811025312207,22.214941024780273,3703400,0.0,0.0
2019-03-27 00:00:00-04:00,22.266278642670414,22.334737542028346,21.958212779465267,22.163589477539062,5556500,0.0,0.0
2019-03-28 00:00:00-04:00,22.20638390576284,22.313351069794088,21.979612408127807,22.078022003173828,4626300,0.0,0.0
2019-03-29 00:00:00-04:00,22.00955593078495,22.420310947641138,22.00955593078495,22.27483558654785,4165800,0.0,0.0
2019-04-01 00:00:00-04:00,22.377523116620253,22.57862184194626,22.112245093046212,22.27483558654785,2725300,0.0,0.0
2019-04-02 00:00:00-04:00,22.309064548122162,22.54011394247517,22.172146751214203,22.522998809814453,2903700,0.0,0.0
2019-04-03 00:00:00-04:00,22.540120598683213,22.77117006126626,22.377530054770396,22.411760330200195,3727000,0.0,0.0
2019-04-04 00:00:00-04:00,22.368968607352492,22.428869946778967,22.112248114899284,22.29195213317871,3376600,0.0,0.0
2019-04-05 00:00:00-04:00,22.351849760271826,22.37752082406552,22.048061903807323,22.197816848754883,3946000,0.0,0.0
2019-04-08 00:00:00-04:00,22.1635935048591,22.18070864085578,21.906872993665704,22.043790817260742,3864600,0.0,0.0
2019-04-09 00:00:00-04:00,22.052345393457983,22.08229606129422,21.65870547988475,21.8127384185791,4313100,0.0,0.0
2019-04-10 00:00:00-04:00,21.846967680079466,22.300507276254926,21.787064714975983,22.163589477539062,3990200,0.0,0.0
2019-04-11 00:00:00-04:00,22.223496601196864,22.38608714160877,22.163595252673883,22.28339958190918,3489700,0.0,0.0
2019-04-12 00:00:00-04:00,22.34329725232305,22.37752588919182,22.180706738676477,22.334739685058594,3590200,0.0,0.0
2019-04-15 00:00:00-04:00,22.36041089339964,22.561509644889476,22.155034174345563,22.24060821533203,2842700,0.0,0.0
2019-04-16 00:00:00-04:00,22.232051849365234,22.471658850637144,22.202101178229892,22.232051849365234,3230800,0.0,0.0
2019-04-17 00:00:00-04:00,22.291945662282302,22.428863436138123,21.812733453786922,21.966766357421875,3477200,0.0,0.0
2019-04-18 00:00:00-04:00,22.06946505681668,22.386086933839337,22.0181196452541,22.257726669311523,3179200,0.0,0.0
2019-04-22 00:00:00-04:00,22.240605347998855,22.53155607052906,22.240605347998855,22.420310974121094,3166900,0.0,0.0
2019-04-23 00:00:00-04:00,22.471659901765722,22.73693798659698,22.428872060864396,22.608577728271484,2535000,0.0,0.0
2019-04-24 00:00:00-04:00,22.63424852843072,22.848182818369803,22.531559351096753,22.754051208496094,2735200,0.0,0.0
2019-04-25 00:00:00-04:00,22.771163197223174,23.104900121116643,22.61285066936546,22.933752059936523,3315700,0.0,0.0
2019-04-26 00:00:00-04:00,23.036440969740685,23.19047389667105,22.993654771010632,23.12201499938965,3630800,0.0,0.0
2019-04-29 00:00:00-04:00,23.164803045719953,23.233261948461564,23.01932767337041,23.147687911987305,2567200,0.0,0.0
2019-04-30 00:00:00-04:00,23.122018960131804,23.335953254806178,23.049280451204165,23.318838119506836,6184100,0.0,0.0
2019-05-01 00:00:00-04:00,23.301722984207494,23.498542143582522,23.19903543678971,23.318838119506836,3825500,0.0,0.0
2019-05-02 00:00:00-04:00,23.19903543678971,23.515657278881868,23.160527198460755,23.318838119506836,4376300,0.0,0.0
2019-05-03 00:00:00-04:00,23.584118517471595,23.840840675752712,22.7583319278842,22.813955307006836,5232500,0.0,0.0
2019-05-06 00:00:00-04:00,22.959426123617384,22.9765412571906,22.309065737536006,22.514442443847656,5325500,0.0,0.0
2019-05-07 00:00:00-04:00,22.334735319123084,22.736931108798053,22.309062622348144,22.377521514892578,5209900,0.0,0.0
2019-05-08 00:00:00-04:00,22.163595332318614,22.266284524576548,21.051137515835915,21.55602264404297,10494100,0.0,0.0
2019-05-09 00:00:00-04:00,21.350645923875433,21.427662410137554,20.978399029545407,21.265071868896484,5930200,0.0,0.0
2019-05-10 00:00:00-04:00,21.32496606063356,21.40198252104739,21.02545778482296,21.247949600219727,4873900,0.0,0.0
2019-05-13 00:00:00-04:00,20.922772591730993,20.957001226737276,20.563362947125675,20.93988609313965,5866300,0.0,0.0
2019-05-14 00:00:00-04:00,21.008342250840418,21.401982111216427,20.965556054624848,21.02545738220215,5193500,0.0,0.0
2019-05-15 00:00:00-04:00,20.999791183741763,21.230838981912026,20.777299321046318,20.965560913085938,3506800,0.0,0.0
2019-05-16 00:00:00-04:00,20.948446972335773,21.290741537467554,20.905660763765265,21.102479934692383,3576600,0.0,0.0
2019-05-17 00:00:00-04:00,20.922772623998593,21.384869806524392,20.89709992356256,21.230836868286133,5581100,0.0,0.0
2019-05-20 00:00:00-04:00,21.179492774642036,21.65870508343921,21.128149006746717,21.44477081298828,4867300,0.0,0.0
2019-05-21 00:00:00-04:00,21.504676631779112,22.232053629424733,21.504676631779112,22.035234451293945,8589500,0.0,0.0
2019-05-22 00:00:00-04:00,21.941098008553997,22.03522960879494,21.633033772455434,21.77850914001465,3870800,0.0,0.0
2019-05-23 00:00:00-04:00,21.658710534437596,21.675825672106505,21.046858236383695,21.2222843170166,4289000,0.0,0.0
2019-05-24 00:00:00-04:00,21.247952685759024,21.32496915735687,20.948444366455078,20.948444366455078,3022300,0.0,0.0
2019-05-28 00:00:00-04:00,21.025458796320155,21.303573986992934,20.798689003185935,21.042573928833008,5944700,0.0,0.0
2019-05-29 00:00:00-04:00,21.03401222432643,21.093913544147494,20.323750686669314,20.554800033569336,5216100,0.0,0.0
2019-05-30 00:00:00-04:00,20.52057312406304,20.64037741544478,19.647720981457656,20.04136085510254,6915600,0.0,0.0
2019-05-31 00:00:00-04:00,19.878770184425946,20.422163377096872,19.844541553050217,20.161163330078125,7731200,0.0,0.0
2019-06-03 00:00:00-04:00,20.212508970697,20.44355672380607,20.135492508931037,20.332311630249023,3868100,0.0,0.0
2019-06-04 00:00:00-04:00,20.640381357985543,20.80297024589255,20.122659127178004,20.768741607666016,5738800,0.0,0.0
2019-06-05 00:00:00-04:00,20.85431565683355,21.12815129147215,20.62326622803631,21.0596923828125,3995100,0.0,0.0
2019-06-06 00:00:00-04:00,21.145259759821464,21.513226918325245,20.888539321520042,21.06824493408203,2783900,0.0,0.0
2019-06-07 00:00:00-04:00,21.153824947361947,21.230841433040066,20.785859288464554,20.8029727935791,4268600,0.0,0.0
2019-06-10 00:00:00-04:00,20.794409542096453,20.948442471357577,20.567639747455843,20.631820678710938,2852300,0.0,0.0
2019-06-11 00:00:00-04:00,20.640376719695766,21.04257251356388,20.571917826437602,21.02545738220215,2895400,0.0,0.0
2019-06-12 00:00:00-04:00,21.068248297062784,21.13670720035004,20.571920840182926,20.7259521484375,3577100,0.0,0.0
2019-06-13 00:00:00-04:00,20.76465970474151,20.936695657025222,20.424891241998647,20.52381134033203,3474800,0.125,0.0
2019-06-14 00:00:00-04:00,20.523809975990524,20.558216179766216,20.261455904493513,20.446393966674805,2875100,0.0,0.0
2019-06-17 00:00:00-04:00,20.420591963524796,20.42919392626728,19.925991410756517,20.007707595825195,6941800,0.0,0.0
2019-06-18 00:00:00-04:00,20.162537071384726,20.40338543481855,20.093723018881285,20.3001651763916,4431900,0.0,0.0
2019-06-19 00:00:00-04:00,20.300164542683174,20.57542074410428,20.291562581306717,20.489402770996094,3856000,0.0,0.0
2019-06-20 00:00:00-04:00,20.73885463586665,20.85927881328382,20.55821672908453,20.807668685913086,3043400,0.0,0.0
2019-06-21 00:00:00-04:00,20.824869599441705,20.91948952728381,20.42918924784064,20.73025131225586,11378100,0.0,0.0
2019-06-24 00:00:00-04:00,20.81627368576148,20.83777777191683,20.44639749752566,20.549617767333984,4640000,0.0,0.0
2019-06-25 00:00:00-04:00,20.558214031240826,20.566815991449843,20.033507583739855,20.10232162475586,5542400,0.0,0.0
2019-06-26 00:00:00-04:00,20.06791422124601,20.188338385484297,19.095915665630848,19.147525787353516,9892000,0.0,0.0
2019-06-27 00:00:00-04:00,19.14752733221518,19.242147263554358,18.829261334491967,19.13032341003418,9463400,0.0,0.0
2019-06-28 00:00:00-04:00,19.181933727235865,19.495899567873394,19.173333406715912,19.474393844604492,8405600,0.0,0.0
2019-07-01 00:00:00-04:00,19.53461164150911,19.655037492517412,19.29376322080614,19.577621459960938,4171100,0.0,0.0
2019-07-02 00:00:00-04:00,19.603427290300615,19.646435467962384,19.29376316103406,19.457197189331055,4029900,0.0,0.0
2019-07-03 00:00:00-04:00,19.517408123912578,19.68944246490003,19.366876229809755,19.388381958007812,6179900,0.0,0.0
2019-07-05 00:00:00-04:00,19.319566252824774,19.646434289817343,19.25935415144633,19.388381958007812,3071800,0.0,0.0
2019-07-08 00:00:00-04:00,19.276560186202367,19.40558636621995,19.070117970042855,19.293764114379883,4829400,0.0,0.0
2019-07-09 00:00:00-04:00,19.259352270425403,19.405582348343938,19.147530041737838,19.285158157348633,3373000,0.0,0.0
2019-07-10 00:00:00-04:00,19.30236607846864,19.5733205643085,19.25935625802485,19.293764114379883,3610700,0.0,0.0
2019-07-11 00:00:00-04:00,19.302363452287405,19.319565737467574,19.061513412541693,19.259353637695312,5320800,0.0,0.0
2019-07-12 00:00:00-04:00,19.328164867719074,19.543208987193434,19.113120748244715,19.42278480529785,2316000,0.0,0.0
2019-07-15 00:00:00-04:00,19.439992008538532,19.47439822031812,19.224947852781813,19.396982192993164,2719200,0.0,0.0
2019-07-16 00:00:00-04:00,19.310968822812782,19.474401225131956,18.803464405668713,18.898082733154297,4410100,0.0,0.0
2019-07-17 00:00:00-04:00,18.880874627124783,19.242148818844985,18.880874627124783,19.113121032714844,3056700,0.0,0.0
2019-07-18 00:00:00-04:00,19.07011714542815,19.164737105656116,18.78625890540108,19.01850700378418,2598000,0.0,0.0
2019-07-19 00:00:00-04:00,19.044308927846437,19.15613280184772,18.77765464782715,18.77765464782715,2978900,0.0,0.0
2019-07-22 00:00:00-04:00,18.786257279617246,18.79915940374747,18.562611164305533,18.588417053222656,2981300,0.0,0.0
2019-07-23 00:00:00-04:00,18.640020607672824,18.648622567607415,18.377666571964145,18.433578491210938,2451400,0.0,0.0
2019-07-24 00:00:00-04:00,18.416378290441223,18.60991832641376,18.343264077216286,18.5454044342041,1959100,0.0,0.0
2019-07-25 00:00:00-04:00,18.459386179150613,18.98839614969896,18.442183896723606,18.85506820678711,2949900,0.0,0.0
2019-07-26 00:00:00-04:00,18.880869603083248,18.975487876236713,18.622815740145388,18.708833694458008,1956000,0.0,0.0
2019-07-29 00:00:00-04:00,18.726045608520508,18.867973899174874,18.519603414423518,18.726045608520508,3175100,0.0,0.0
2019-07-30 00:00:00-04:00,18.648623529244503,18.837861735595485,18.5798094868754,18.812057495117188,2870400,0.0,0.0
2019-07-31 00:00:00-04:00,18.794856774809965,18.893776875018972,18.433582580689198,18.459386825561523,5401600,0.0,0.0
2019-08-01 00:00:00-04:00,18.45078785580211,18.751848339073522,18.364769871728882,18.53680419921875,3266500,0.0,0.0
2019-08-02 00:00:00-04:00,18.708843784172608,19.233552111865357,18.364773422020356,18.958295822143555,4687400,0.0,0.0
2019-08-05 00:00:00-04:00,18.786251055618475,18.88517113604295,18.502392934200728,18.683029174804688,5243000,0.0,0.0
2019-08-06 00:00:00-04:00,18.70884345419457,19.203445719016486,18.605621527041023,19.164737701416016,5022400,0.0,0.0
2019-08-07 00:00:00-04:00,19.121730231198153,19.4485983401363,18.975500106811523,18.975500106811523,6233800,0.0,0.0
2019-08-08 00:00:00-04:00,19.001295436441687,19.63782572964172,18.96258743560795,19.569011688232422,4783200,0.0,0.0
2019-08-09 00:00:00-04:00,19.52600951487607,19.586221614490075,19.035707473754883,19.035707473754883,3182400,0.0,0.0
2019-08-12 00:00:00-04:00,18.949690855347896,19.018504916874463,18.70454065861846,19.009902954101562,1880900,0.0,0.0
2019-08-13 00:00:00-04:00,18.966896442996866,19.560418852425666,18.923888262299865,19.431392669677734,4371500,0.0,0.0
2019-08-14 00:00:00-04:00,19.379778203549858,19.672238360918254,19.11312229258325,19.173336029052734,8127100,0.0,0.0
2019-08-15 00:00:00-04:00,19.26794953449918,19.56040961902374,19.13892341265744,19.44858741760254,5829700,0.0,0.0
2019-08-16 00:00:00-04:00,19.52600980590001,20.420592631860856,19.52600980590001,20.37758445739746,5835000,0.0,0.0
2019-08-19 00:00:00-04:00,20.635636785491226,20.635636785491226,20.175442427974776,20.37758445739746,5318100,0.0,0.0
2019-08-20 00:00:00-04:00,20.308768122886164,20.4980063662834,20.033511899524186,20.463600158691406,7207500,0.0,0.0
2019-08-21 00:00:00-04:00,20.59262718928809,20.807671328071553,20.43779514685895,20.73885726928711,6583200,0.0,0.0
2019-08-22 00:00:00-04:00,20.74746141027908,21.001213586314762,20.687247666945513,20.764663696289062,4263000,0.0,0.0
2019-08-23 00:00:00-04:00,20.833473481909436,20.988305508785157,20.558217274422116,20.627031326293945,5871000,0.0,0.0
2019-08-26 00:00:00-04:00,20.730253668212413,20.87648373665252,20.60122752327266,20.867881774902344,3064000,0.0,0.0
2019-08-27 00:00:00-04:00,20.9453013970337,21.15174359262046,20.601231071055768,20.635637283325195,4009600,0.0,0.0
2019-08-28 00:00:00-04:00,20.644234428054084,20.691544394456724,20.58402234014394,20.67864227294922,2858900,0.0,0.0
2019-08-29 00:00:00-04:00,20.81627362349603,21.022715803151787,20.79906969836057,20.98830795288086,4064700,0.0,0.0
2019-08-30 00:00:00-04:00,21.074320964795774,21.519032316599507,21.074320964795774,21.461400985717773,3064800,0.0,0.0
2019-09-03 00:00:00-04:00,21.41839660885085,21.59903454459335,21.32377830027776,21.564626693725586,4526500,0.0,0.0
2019-09-04 00:00:00-04:00,21.76246716857255,21.900095292338737,21.521618772310042,21.693653106689453,3647800,0.0,0.0
2019-09-05 00:00:00-04:00,21.693652414224985,22.12374069743001,21.594732305966623,22.08933448791504,3816200,0.0,0.0
2019-09-06 00:00:00-04:00,22.14954825050263,22.261370490655047,21.848486101490668,21.960309982299805,4901800,0.0,0.0
2019-09-09 00:00:00-04:00,21.951702395271745,22.080728528748132,21.831276582124993,21.977506637573242,5314100,0.0,0.0
2019-09-10 00:00:00-04:00,22.04632767901512,22.467815697761637,22.007619662626432,22.03772735595703,6054100,0.0,0.0
2019-09-11 00:00:00-04:00,22.046319356191383,22.45060329488469,22.015353611033206,22.33877944946289,9105700,0.0,0.0
2019-09-12 00:00:00-04:00,22.37319001269729,22.78177416099442,22.347384128155774,22.59683609008789,3636600,0.0,0.0
2019-09-13 00:00:00-04:00,22.471515473865328,22.71351700319792,22.33322935667543,22.68758773803711,3741800,0.125,0.0
2019-09-16 00:00:00-04:00,22.6962288725524,23.059230311050968,22.57522894255301,22.955514907836914,4657500,0.0,0.0
2019-09-17 00:00:00-04:00,22.981446440158813,23.288268663527287,22.95551717466971,23.041946411132812,7206700,0.0,0.0
2019-09-18 00:00:00-04:00,23.08516145456815,23.18887687363745,22.886375353894376,23.119733810424805,6021000,0.0,0.0
2019-09-19 00:00:00-04:00,23.206163839518986,23.266663815821715,22.972805375064993,23.059234619140625,4201100,0.0,0.0
2019-09-20 00:00:00-04:00,23.16295151716979,23.500025449675146,23.041951548245322,23.456809997558594,9024200,0.0,0.0
2019-09-23 00:00:00-04:00,23.404944877053182,23.5345878908335,23.270979495329982,23.30122947692871,4127200,0.0,0.0
2019-09-24 00:00:00-04:00,23.35309385784563,23.517307613849535,23.085163027206207,23.31852149963379,4222900,0.0,0.0
2019-09-25 00:00:00-04:00,23.25801730599361,23.517303351586442,23.11108810722422,23.46544647216797,3781200,0.0,0.0
2019-09-26 00:00:00-04:00,23.465454225623944,23.474097316466285,23.128381925277733,23.23209571838379,3351900,0.0,0.0
2019-09-27 00:00:00-04:00,23.283950102725463,23.309877722118348,22.94255549371289,23.11109161376953,3232400,0.0,0.0
2019-09-30 00:00:00-04:00,23.00737682866621,23.23209054653803,22.981447561911466,23.102447509765625,4049400,0.0,0.0
2019-10-01 00:00:00-04:00,23.08515972974117,23.223447494334838,22.877730555601477,22.90365982055664,2711000,0.0,0.0
2019-10-02 00:00:00-04:00,22.808592205583892,22.870821465220995,22.57523536682129,22.57523536682129,5042500,0.0,0.0
2019-10-03 00:00:00-04:00,22.60980146750053,22.726480687335748,22.488801527745732,22.67030143737793,3152900,0.0,0.0
2019-10-04 00:00:00-04:00,22.765372248298984,23.27530288696289,22.61844305328565,23.27530288696289,2798200,0.0,0.0
2019-10-07 00:00:00-04:00,23.27530401680054,23.5259469801663,23.171588607079887,23.335803985595703,4198200,0.0,0.0
2019-10-08 00:00:00-04:00,23.2839531345952,23.750668477947393,23.180237698016413,23.456809997558594,4395500,0.0,0.0
2019-10-09 00:00:00-04:00,23.491377410355234,23.61237735378881,23.28394822939742,23.396305084228516,3013700,0.0,0.0
2019-10-10 00:00:00-04:00,23.379019455121437,23.379019455121437,23.11973338497062,23.26666259765625,3639100,0.0,0.0
2019-10-11 00:00:00-04:00,23.36173640462416,23.69448792642864,23.275307159603393,23.413593292236328,3626200,0.0,0.0
2019-10-14 00:00:00-04:00,23.534590842988703,23.534590842988703,23.25801860596432,23.30987548828125,2106400,0.0,0.0
2019-10-15 00:00:00-04:00,23.335803621650946,23.465446645404466,23.167267525921325,23.249374389648438,3470900,0.0,0.0
2019-10-16 00:00:00-04:00,23.197518707066283,23.283947943529387,22.938232646177546,23.041946411132812,2974300,0.0,0.0
2019-10-17 00:00:00-04:00,23.128380044450516,23.27530927981982,23.024664611277704,23.19752311706543,2899100,0.0,0.0
2019-10-18 00:00:00-04:00,23.19751638670465,23.288266334088267,22.96415796614642,23.1543025970459,4131700,0.0,0.0
2019-10-21 00:00:00-04:00,23.292594995597167,23.52595183070584,23.292594995597167,23.3790225982666,3258200,0.0,0.0
2019-10-22 00:00:00-04:00,23.43952166693707,23.512985450879302,23.283949361529196,23.4222354888916,2334500,0.0,0.0
2019-10-23 00:00:00-04:00,23.387659206208298,23.47841080146024,23.23208692691971,23.37037467956543,2594800,0.0,0.0
2019-10-24 00:00:00-04:00,23.482734085216894,23.482734085216894,23.206161846725657,23.32716178894043,2787000,0.0,0.0
2019-10-25 00:00:00-04:00,23.29259245055193,23.4654492855046,23.266663183483725,23.4222354888916,3156500,0.0,0.0
2019-10-28 00:00:00-04:00,23.456804819670626,23.538913336316856,23.318518700425006,23.32716178894043,2671700,0.0,0.0
2019-10-29 00:00:00-04:00,23.2147994948845,23.495692387556293,23.154299537955197,23.36172866821289,4210100,0.0,0.0
2019-10-30 00:00:00-04:00,23.404946867071377,23.586448420596376,23.188874609565733,23.551876068115234,4523800,0.0,0.0
2019-10-31 00:00:00-04:00,23.50865784154128,23.698800798819118,23.318513235763252,23.36172866821289,3552900,0.0,0.0
2019-11-01 00:00:00-04:00,23.413587815335973,23.577803177612143,23.29258788971161,23.482730865478516,3485700,0.0,0.0
2019-11-04 00:00:00-05:00,23.448163033183103,23.785236909999316,23.396306147711638,23.655593872070312,4911800,0.0,0.0
2019-11-05 00:00:00-05:00,23.819809373739474,24.16552471654033,22.752413355873138,22.782663345336914,5592900,0.0,0.0
2019-11-06 00:00:00-05:00,22.851805451885685,22.97280540464695,22.169016236159752,22.25544548034668,4139700,0.0,0.0
2019-11-07 00:00:00-05:00,22.67030513091176,23.102449727300474,22.32026906287742,22.653018951416016,5206900,0.0,0.0
2019-11-08 00:00:00-05:00,22.653015567608797,22.72216027526324,22.374715702402263,22.471515655517578,3823000,0.0,0.0
2019-11-11 00:00:00-05:00,22.506083547547277,22.661654163426437,22.4801542873173,22.549297332763672,3014700,0.0,0.0
2019-11-12 00:00:00-05:00,22.48016144203223,22.886376757252453,22.48016144203223,22.730804443359375,3348800,0.0,0.0
2019-11-13 00:00:00-05:00,22.72216027526324,22.72216027526324,22.454229478603967,22.471515655517578,3509000,0.0,0.0
2019-11-14 00:00:00-05:00,22.52337548175719,22.929592449820273,22.333232456355834,22.765377044677734,10555700,0.0,0.0
2019-11-15 00:00:00-05:00,22.808592430170208,22.912307863919956,22.579556309953173,22.644378662109375,7102000,0.0,0.0
2019-11-18 00:00:00-05:00,22.713519291338812,23.14566386321626,22.683269303187448,23.059234619140625,6045000,0.0,0.0
2019-11-19 00:00:00-05:00,23.093802703641455,23.093802703641455,22.644373652815748,22.851802825927734,4163900,0.0,0.0
2019-11-20 00:00:00-05:00,22.782659591567274,23.067874908447266,22.782659591567274,23.067874908447266,4800800,0.0,0.0
2019-11-21 00:00:00-05:00,23.093802703641455,23.16294576134545,22.704873622244175,22.851802825927734,3049600,0.0,0.0
2019-11-22 00:00:00-05:00,22.843159086081247,23.06787442933466,22.7308005902043,22.929588317871094,2878300,0.0,0.0
2019-11-25 00:00:00-05:00,22.903658203130956,23.076516660290604,22.618442902767832,22.704872131347656,2721100,0.0,0.0
2019-11-26 00:00:00-05:00,22.739438629242194,22.739438629242194,22.475830272639122,22.618438720703125,3042500,0.0,0.0
2019-11-27 00:00:00-05:00,22.713520485853554,22.912306603731263,22.592518878383853,22.886377334594727,1759300,0.0,0.0
2019-11-29 00:00:00-05:00,22.843159086081247,23.059231341305622,22.700550606352927,22.929588317871094,1477800,0.0,0.0
2019-12-02 00:00:00-05:00,22.92094766025992,23.067876875332125,22.85180459719657,22.869089126586914,3318000,0.0,0.0
2019-12-03 00:00:00-05:00,22.843160505745654,22.912303565774565,22.54930208849765,22.82587432861328,2968000,0.0,0.0
2019-12-04 00:00:00-05:00,22.238157419338997,22.238157419338997,21.559690629930326,21.702299118041992,15051700,0.0,0.0
2019-12-05 00:00:00-05:00,21.788728569764903,21.866514724750637,21.028154846960838,21.13187026977539,7182300,0.0,0.0
2019-12-06 00:00:00-05:00,21.157800584209657,21.252872929858366,20.751585227484966,20.820728302001953,7784500,0.0,0.0
2019-12-09 00:00:00-05:00,20.889864283991137,20.971971141946597,20.371290576929432,20.457719802856445,7410700,0.0,0.0
2019-12-10 00:00:00-05:00,20.65650737738044,20.794793489564537,20.254612848689,20.604650497436523,7237800,0.0,0.0
2019-12-11 00:00:00-05:00,20.552797527145927,20.838012893843246,20.552797527145927,20.656511306762695,3455300,0.0,0.0
2019-12-12 00:00:00-05:00,20.742936187646947,20.946044632004472,20.673793132961478,20.786149978637695,3563300,0.0,0.0
2019-12-13 00:00:00-05:00,20.8513156120715,20.9381964252112,20.555921841664723,20.599361419677734,3242500,0.125,0.0
2019-12-16 00:00:00-05:00,20.573295725325753,21.116298667159253,20.555919233479848,21.059825897216797,6451200,0.0,0.0
2019-12-17 00:00:00-05:00,21.190151746093104,21.20752824242805,20.703621448511935,20.799190521240234,5751700,0.0,0.0
2019-12-18 00:00:00-05:00,20.764435362930854,21.016389562168143,20.625426720977085,20.747058868408203,5735300,0.0,0.0
2019-12-19 00:00:00-05:00,20.755742306854103,21.29874520652788,20.747054061605724,21.051136016845703,7397400,0.0,0.0
2019-12-20 00:00:00-05:00,21.094574414566615,21.372591596782797,20.799180744183648,20.859996795654297,13691800,0.0,0.0
2019-12-23 00:00:00-05:00,20.912129729584972,20.920817975798265,20.460350869174942,20.547231674194336,4751000,0.0,0.0
2019-12-24 00:00:00-05:00,20.573293632655957,20.599356710660267,20.36478072305498,20.408220291137695,1177000,0.0,0.0
2019-12-26 00:00:00-05:00,20.46034878196549,20.48641351794644,19.956442152793958,20.00857162475586,3350000,0.0,0.0
2019-12-27 00:00:00-05:00,19.98250931190684,20.060701872218168,19.67408402240857,19.82612419128418,4282600,0.0,0.0
2019-12-30 00:00:00-05:00,19.739243384592307,19.995540852920872,19.708835350817186,19.82612419128418,3846800,0.0,0.0
2019-12-31 00:00:00-05:00,19.756616672379465,20.025945638030763,19.739240182437243,19.973817825317383,3475900,0.0,0.0
2020-01-02 00:00:00-05:00,20.05201307337664,20.05201307337664,19.656706988077737,19.8435001373291,3934900,0.0,0.0
2020-01-03 00:00:00-05:00,19.739245037135408,20.09545488299129,19.739245037135408,20.05201530456543,3768200,0.0,0.0
2020-01-06 00:00:00-05:00,20.017256730239957,20.099792562229958,19.643670525346,19.71317481994629,4901400,0.0,0.0
2020-01-07 00:00:00-05:00,19.643673828940926,19.87824982697127,19.57851281680766,19.834810256958008,4697800,0.0,0.0
2020-01-08 00:00:00-05:00,19.80005929073978,20.169300613875695,19.721866737609968,20.09545135498047,5776900,0.0,0.0
2020-01-09 00:00:00-05:00,20.112828586084397,20.173644650286437,19.83481134566738,19.860876083374023,3955900,0.0,0.0
2020-01-10 00:00:00-05:00,19.860875244037814,20.038980134722706,19.691458598887966,19.77399444580078,4132500,0.0,0.0
2020-01-13 00:00:00-05:00,19.739238924175808,19.86087268890463,19.548102518335053,19.574167251586914,5545700,0.0,0.0
2020-01-14 00:00:00-05:00,19.55679596253726,19.756620665924938,19.53073122235528,19.695804595947266,3805800,0.0,0.0
2020-01-15 00:00:00-05:00,19.634992333648842,19.991202232978516,19.634992333648842,19.747936248779297,4738600,0.0,0.0
2020-01-16 00:00:00-05:00,19.81744162537031,20.356101455570393,19.81744162537031,20.15627670288086,6538100,0.0,0.0
2020-01-17 00:00:00-05:00,20.208397100634386,20.295277900250454,19.92169162188076,19.93037986755371,3208700,0.0,0.0
2020-01-21 00:00:00-05:00,19.92169075560643,19.97381857026398,19.721866085158045,19.730552673339844,3703100,0.0,0.0
2020-01-22 00:00:00-05:00,19.8348167993075,19.999890202610064,19.71318463746031,19.756624221801758,2727500,0.0,0.0
2020-01-23 00:00:00-05:00,19.7826841079524,19.991197044384627,19.66105031886513,19.947755813598633,3577200,0.0,0.0
2020-01-24 00:00:00-05:00,19.87825076300259,19.926035286535292,19.165831175712917,19.26140022277832,3768600,0.0,0.0
2020-01-27 00:00:00-05:00,19.122393978694507,19.191898296889164,18.80962371826172,18.80962371826172,3040000,0.0,0.0
2020-01-28 00:00:00-05:00,18.861749316423108,18.931255283527804,18.714054107666016,18.714054107666016,2610400,0.0,0.0
2020-01-29 00:00:00-05:00,18.687990315288086,19.30484089052298,18.55766993460177,19.226648330688477,5300400,0.0,0.0
2020-01-30 00:00:00-05:00,19.252708532309025,19.504662645088622,18.957314855242746,19.46990966796875,4797800,0.0,0.0
2020-01-31 00:00:00-05:00,19.374343101674683,19.63498549187795,19.304838795709816,19.565481185913086,5032700,0.0,0.0
2020-02-03 00:00:00-05:00,19.574173534013084,19.765310001200017,19.43516489294737,19.608924865722656,3294300,0.0,0.0
2020-02-04 00:00:00-05:00,19.704493019463726,19.83481340731564,19.14845848083496,19.14845848083496,3919600,0.0,0.0
2020-02-05 00:00:00-05:00,19.174519088231534,19.552448661336097,18.983382654536758,19.052886962890625,4304300,0.0,0.0
2020-02-06 00:00:00-05:00,19.07895248112862,19.122393715097495,18.870439529418945,18.870439529418945,3945300,0.0,0.0
2020-02-07 00:00:00-05:00,18.887815570421154,19.426475258932477,18.887815570421154,19.374345779418945,4736800,0.0,0.0
2020-02-10 00:00:00-05:00,19.374344941868028,19.43950595988624,19.174520250378677,19.348281860351562,2971400,0.0,0.0
2020-02-11 00:00:00-05:00,19.435163872181644,20.364784731901096,19.40041088518364,19.965133666992188,9173400,0.0,0.0
2020-02-12 00:00:00-05:00,19.834811093726124,20.15192460811841,19.834811093726124,19.92169189453125,5164400,0.0,0.0
2020-02-13 00:00:00-05:00,19.921693288822365,20.06070191699421,19.860877221136377,20.043325424194336,1847200,0.0,0.0
2020-02-14 00:00:00-05:00,20.09545624668812,20.24315314331807,20.0346401699194,20.234466552734375,3262100,0.0,0.0
2020-02-18 00:00:00-05:00,20.312651475000855,20.503789553727408,20.121515053387625,20.295276641845703,4229100,0.0,0.0
2020-02-19 00:00:00-05:00,20.330025227384702,20.377809740631108,19.704486575982116,19.71317481994629,3211100,0.0,0.0
2020-02-20 00:00:00-05:00,19.730550560718058,19.947751698500227,19.62194999182697,19.904312133789062,3439100,0.0,0.0
2020-02-21 00:00:00-05:00,19.869566054720828,20.382159350556655,19.800061738580915,20.356096267700195,4101600,0.0,0.0
2020-02-24 00:00:00-05:00,20.138895287754952,20.147583534504456,19.652365069578288,19.965133666992188,3824400,0.0,0.0
2020-02-25 00:00:00-05:00,20.017261890945953,20.225774828504118,19.22664805750682,19.235336303710938,6927000,0.0,0.0
2020-02-26 00:00:00-05:00,19.3917182313222,19.656703897061593,18.826995577856895,18.835683822631836,6505700,0.0,0.0
2020-02-27 00:00:00-05:00,18.748803502745464,18.766179992731644,17.775741605992184,17.888687133789062,7335100,0.0,0.0
2020-02-28 00:00:00-05:00,17.749681550447185,17.749681550447185,16.29008928534234,16.707115173339844,12553900,0.0,0.0
2020-03-02 00:00:00-05:00,16.76793583020876,17.580269697994375,16.455167157175858,17.497732162475586,8020800,0.0,0.0
2020-03-03 00:00:00-05:00,17.593297958374023,18.270966328146404,17.46297756417918,17.593297958374023,5850400,0.0,0.0
2020-03-04 00:00:00-05:00,17.82787600993905,18.314406264409666,17.740995193076575,18.288341522216797,5557900,0.0,0.0
2020-03-05 00:00:00-05:00,18.140637981325074,18.24489525476782,17.706235713354413,17.932125091552734,4195700,0.0,0.0
2020-03-06 00:00:00-05:00,17.297901556386687,18.09720195184447,17.237085492131225,17.83656120300293,3905500,0.0,0.0
2020-03-09 00:00:00-04:00,16.542041060236766,16.780962003647403,15.673236424479288,16.012069702148438,7633800,0.0,0.0
2020-03-10 00:00:00-04:00,16.481222540544458,16.837432291276038,15.542913645939498,16.80268096923828,5197100,0.0,0.0
2020-03-11 00:00:00-04:00,16.298778550158293,16.455163682206656,15.004259572922173,15.456038475036621,9774300,0.0,0.0
2020-03-12 00:00:00-04:00,14.213644307426897,14.552477583574149,12.397842494280518,12.641107559204102,9958400,0.0,0.0
2020-03-13 00:00:00-04:00,13.388279393994734,13.822681714778764,12.60635554800615,13.457783699035645,8778900,0.0,0.0
2020-03-16 00:00:00-04:00,12.498079717815603,13.56295829568869,11.8319827126497,11.998506546020508,6744100,0.135,0.0
2020-03-17 00:00:00-04:00,12.331554124704004,12.603251852927164,11.100151805718712,11.297351837158203,5373900,0.0,0.0
2020-03-18 00:00:00-04:00,10.473495718181312,11.42881890756706,9.903807991808456,11.043184280395508,8804100,0.0,0.0
2020-03-19 00:00:00-04:00,10.894188142379067,12.655838161087301,10.815308128616955,12.463021278381348,7457700,0.0,0.0
2020-03-20 00:00:00-04:00,12.796070478166605,12.910007353495953,12.116826527246168,12.340319633483887,11443200,0.0,0.0
2020-03-23 00:00:00-04:00,12.296497189641327,12.375377207063105,11.135210180304112,11.32364559173584,9830700,0.0,0.0
2020-03-24 00:00:00-04:00,12.033565175003748,13.159795430309854,11.985361365612505,12.804835319519043,6688200,0.0,0.0
2020-03-25 00:00:00-04:00,12.769772594438747,13.611157799281557,12.147498111317073,12.874945640563965,6976600,0.0,0.0
2020-03-26 00:00:00-04:00,13.006415241771888,14.202759827050778,12.498078330023175,13.839035987854004,7048600,0.0,0.0
2020-03-27 00:00:00-04:00,13.33070104692358,14.645365005311989,12.901244081410448,14.364903450012207,6820300,0.0,0.0
2020-03-30 00:00:00-04:00,14.452545792214075,14.575247285110388,13.549809678608598,14.075675010681152,4086300,0.0,0.0
2020-03-31 00:00:00-04:00,13.87409463418717,14.25096544628389,13.66813080023547,13.988032341003418,5448300,0.0,0.0
2020-04-01 00:00:00-04:00,13.383287862159504,13.54542938362841,13.181705494580296,13.435873985290527,4538300,0.0,0.0
2020-04-02 00:00:00-04:00,13.286879582268554,14.049385947949029,13.225528822025392,14.005562782287598,6455400,0.0,0.0
2020-04-03 00:00:00-04:00,13.89162518211314,14.154557475858523,13.672514380097736,13.874095916748047,7313300,0.0,0.0
2020-04-06 00:00:00-04:00,14.45254851596202,14.741774712070216,13.786451467295283,14.040620803833008,6454300,0.0,0.0
2020-04-07 00:00:00-04:00,14.548956125269568,14.873239143503538,14.250965330756813,14.286022186279297,4790600,0.0,0.0
2020-04-08 00:00:00-04:00,14.373668771027305,15.364050566258776,14.294788745860805,15.302698135375977,2937600,0.0,0.0
2020-04-09 00:00:00-04:00,15.583161941405649,16.38072518331983,15.263260348478127,15.591926574707031,3392700,0.0,0.0
2020-04-13 00:00:00-04:00,15.504280632000777,15.548102123203119,14.435018861163163,15.022235870361328,2806900,0.0,0.0
2020-04-14 00:00:00-04:00,15.30269601555017,15.521806794730551,14.873239088958533,15.26763916015625,4031900,0.0,0.0
2020-04-15 00:00:00-04:00,14.785595873062041,14.873238845956198,14.001178895208438,14.189614295959473,5434600,0.0,0.0
2020-04-16 00:00:00-04:00,14.259731304527703,14.303552795975452,13.821509703319226,14.110735893249512,5722500,0.0,0.0
2020-04-17 00:00:00-04:00,14.46131246892675,15.45169252671286,14.382432448997987,15.372814178466797,4376100,0.0,0.0
2020-04-20 00:00:00-04:00,15.092350603539245,15.416635308067866,14.61907216672327,14.80312442779541,5457200,0.0,0.0
2020-04-21 00:00:00-04:00,14.48760489186076,14.965266443185412,14.338609499566395,14.917061805725098,4577500,0.0,0.0
2020-04-22 00:00:00-04:00,15.241348878043528,15.53933974210674,14.960887281674147,15.46045970916748,2847300,0.0,0.0
2020-04-23 00:00:00-04:00,15.556869861057827,15.574399129710843,15.223822115065872,15.337759017944336,2386400,0.0,0.0
2020-04-24 00:00:00-04:00,15.355276909647781,15.974044923833947,15.302689142651781,15.811027526855469,1728400,0.0,0.0
2020-04-27 00:00:00-04:00,16.117785629245827,16.713767114313974,15.889910257209047,16.60859489440918,3005900,0.0,0.0
2020-04-28 00:00:00-04:00,16.94164930623948,17.47628026629935,16.71377384247106,16.836475372314453,3901500,0.0,0.0
2020-04-29 00:00:00-04:00,17.34480812639452,17.704149629993665,17.06434495645742,17.309749603271484,5214900,0.0,0.0
2020-04-30 00:00:00-04:00,17.13446486571439,17.257168057436427,16.722537140095035,17.125701904296875,3620100,0.0,0.0
2020-05-01 00:00:00-04:00,16.79265233364996,17.10817243478149,16.52095539749937,16.959177017211914,3537300,0.0,0.0
2020-05-04 00:00:00-04:00,16.78388343885171,16.871528074875854,16.345661930413375,16.626123428344727,3783000,0.0,0.0
2020-05-05 00:00:00-04:00,18.124846363685823,18.124846363685823,16.371959894032383,16.40701675415039,5490000,0.0,0.0
2020-05-06 00:00:00-04:00,16.442070660552265,16.538479924200345,15.811032310803308,15.977555274963379,3254600,0.0,0.0
2020-05-07 00:00:00-04:00,16.144078600748493,16.249252486346517,15.670798623080675,15.73215103149414,4784200,0.0,0.0
2020-05-08 00:00:00-04:00,15.977556640379332,16.744444320652796,15.854855146473971,16.564773559570312,2832400,0.0,0.0
2020-05-11 00:00:00-04:00,16.407009529214314,16.407009529214314,15.894291265027338,16.056432723999023,3006500,0.0,0.0
2020-05-12 00:00:00-04:00,16.012615192239004,16.214196695903194,15.802269057326482,15.863619804382324,2913000,0.0,0.0
2020-05-13 00:00:00-04:00,15.784739251863973,15.995085379540978,15.337753103669431,15.61821460723877,4922700,0.0,0.0
2020-05-14 00:00:00-04:00,15.521805621983324,16.42892571720078,15.434162654279085,16.39824867248535,3079300,0.0,0.0
2020-05-15 00:00:00-04:00,16.20543544933662,16.5218315152495,16.10026319575523,16.275550842285156,3130400,0.0,0.0
2020-05-18 00:00:00-04:00,16.8452369813499,17.555157146582445,16.8452369813499,17.45874786376953,4311500,0.0,0.0
2020-05-19 00:00:00-04:00,17.388630707272263,17.550772207754815,17.116933822631836,17.116933822631836,2721200,0.0,0.0
2020-05-20 00:00:00-04:00,17.353571182792,18.04596197321255,17.34042507238835,17.520095825195312,4293300,0.0,0.0
2020-05-21 00:00:00-04:00,17.397402175219966,17.54639762309234,17.156380569695493,17.17829132080078,3201000,0.0,0.0
2020-05-22 00:00:00-04:00,17.125700630399706,17.38424976505501,16.924117427452156,17.36233901977539,1969800,0.0,0.0
2020-05-26 00:00:00-04:00,17.914498861961675,17.949555719484902,17.17828646546444,17.283458709716797,5272100,0.0,0.0
2020-05-27 00:00:00-04:00,17.572684592746025,17.634037017822266,17.151992279462025,17.634037017822266,3483300,0.0,0.0
2020-05-28 00:00:00-04:00,17.791794780691802,18.34395488595228,17.63403642229998,18.238780975341797,4085700,0.0,0.0
2020-05-29 00:00:00-04:00,18.194958899133237,18.35271892410416,17.65156344330923,17.91449737548828,7388300,0.0,0.0
2020-06-01 00:00:00-04:00,17.826854029648942,18.42283564663743,17.826854029648942,18.352720260620117,3143100,0.0,0.0
2020-06-02 00:00:00-04:00,18.44036356293569,18.637561922410892,17.980229599673436,18.08102035522461,4414300,0.0,0.0
2020-06-03 00:00:00-04:00,18.26507487091507,18.348336366039856,17.9539379625364,18.238780975341797,3232900,0.0,0.0
2020-06-04 00:00:00-04:00,18.177436084033495,18.265080759183213,17.476282026202004,17.774272918701172,3989000,0.0,0.0
2020-06-05 00:00:00-04:00,18.24753961754709,18.74711176767927,18.098544268237312,18.291362762451172,4149700,0.0,0.0
2020-06-08 00:00:00-04:00,18.589356980303073,19.2948939292943,18.40530473535711,19.281747817993164,6988700,0.0,0.0
2020-06-09 00:00:00-04:00,19.272985356795708,19.272985356795708,18.414071440298343,18.554302215576172,4255300,0.0,0.0
2020-06-10 00:00:00-04:00,18.545539330001972,18.782179412453914,18.002145442537724,18.598125457763672,4236300,0.0,0.0
2020-06-11 00:00:00-04:00,18.04596187203129,18.07225576437357,17.090638848799692,17.309749603271484,3259000,0.0,0.0
2020-06-12 00:00:00-04:00,17.800562592554712,18.019673413094175,17.292225555770475,17.70415496826172,4000200,0.0,0.0
2020-06-15 00:00:00-04:00,17.285041052396387,17.787974592373338,17.029161639885995,17.53209686279297,2978600,0.135,0.0
2020-06-16 00:00:00-04:00,18.05267272252295,18.529137054590105,17.840911358136342,18.079143524169922,4619900,0.0,0.0
2020-06-17 00:00:00-04:00,18.114444913298833,18.273264735649978,17.66445120931132,17.89385986328125,4986000,0.0,0.0
2020-06-18 00:00:00-04:00,17.717387167867805,18.02620650506709,17.664447238983072,17.902679443359375,4704000,0.0,0.0
2020-06-19 00:00:00-04:00,18.14973076764118,18.20267068836128,17.470328667169223,17.49679946899414,7364100,0.0,0.0
2020-06-22 00:00:00-04:00,17.470332852708044,17.5056272635971,17.020340894383597,17.337982177734375,4792400,0.0,0.0
2020-06-23 00:00:00-04:00,17.399742418035085,17.430624180248373,16.548284270314813,16.667400360107422,5692300,0.0,0.0
2020-06-24 00:00:00-04:00,16.473290967183974,16.6585815942447,16.252705925675315,16.420351028442383,4048000,0.0,0.0
2020-06-25 00:00:00-04:00,16.393876086429046,16.676224599140824,16.212996465289944,16.649755477905273,3236600,0.0,0.0
2020-06-26 00:00:00-04:00,16.52622370157613,16.587987217004862,15.72329463514343,15.996819496154785,8666900,0.0,0.0
2020-06-29 00:00:00-04:00,16.14681941326538,16.55269664028839,15.868883557913204,16.535049438476562,3304200,0.0,0.0
2020-06-30 00:00:00-04:00,16.41152340561837,16.517403257171388,16.164467613778175,16.429170608520508,4131000,0.0,0.0
2020-07-01 00:00:00-04:00,16.42916975829024,16.985043157501163,16.35858263326457,16.887985229492188,4010500,0.0,0.0
2020-07-02 00:00:00-04:00,17.108570820340088,17.179157947902223,16.711518858901776,16.799753189086914,3236600,0.0,0.0
2020-07-06 00:00:00-04:00,17.06445841549011,17.232103513047843,16.808578967484614,17.011518478393555,2175500,0.0,0.0
2020-07-07 00:00:00-04:00,16.861514122216523,16.861514122216523,16.67181093051826,16.746809005737305,2666100,0.0,0.0
2020-07-08 00:00:00-04:00,16.81739786421813,17.355625736681027,16.7115180196571,17.258567810058594,2757600,0.0,0.0
2020-07-09 00:00:00-04:00,17.152691623692686,17.152691623692686,16.511229335486288,16.764461517333984,2586200,0.0,0.0
2020-07-10 00:00:00-04:00,16.764458930095724,16.9585731118526,16.614461072351357,16.649755477905273,3963700,0.0,0.0
2020-07-13 00:00:00-04:00,16.72915893677889,17.19679955659073,16.63210271978347,16.86151123046875,3541000,0.0,0.0
2020-07-14 00:00:00-04:00,16.782108142361302,17.09533845597399,16.71593196548872,16.932106018066406,2102300,0.0,0.0
2020-07-15 00:00:00-04:00,17.10857410471401,17.262984632913025,16.91798899200215,17.029163360595703,2404100,0.0,0.0
2020-07-16 00:00:00-04:00,16.949754109687333,17.3115151330573,16.927695941695717,17.117399215698242,3494100,0.0,0.0
2020-07-17 00:00:00-04:00,17.126221600370318,17.382101043063553,17.121810640258122,17.311513900756836,1621100,0.0,0.0
2020-07-20 00:00:00-04:00,17.232105860340713,17.311516618267714,16.72034857755032,16.852699279785156,4465300,0.0,0.0
2020-07-21 00:00:00-04:00,16.923281156792623,17.311511220844633,16.896810351426588,16.976221084594727,2580800,0.0,0.0
2020-07-22 00:00:00-04:00,16.870342364991316,17.31592334627894,16.68505008081195,17.223278045654297,4874500,0.0,0.0
2020-07-23 00:00:00-04:00,17.170339122338287,17.311515099659026,16.826226990127974,16.905637741088867,5564100,0.0,0.0
2020-07-24 00:00:00-04:00,16.932107429840798,17.18798519036064,16.486524725330913,16.658580780029297,4421700,0.0,0.0
2020-07-27 00:00:00-04:00,16.658577790185923,16.662108577168695,15.882119361872437,16.0585880279541,5009000,0.0,0.0
2020-07-28 00:00:00-04:00,16.111528038845567,16.543874421783244,16.04888097205776,16.270349502563477,3488900,0.0,0.0
2020-07-29 00:00:00-04:00,16.305641755474145,16.6850482005293,16.270349032850113,16.649755477905273,2509700,0.0,0.0
2020-07-30 00:00:00-04:00,16.446817445812798,16.640933327424342,16.08505817199314,16.58799171447754,1884800,0.0,0.0
2020-07-31 00:00:00-04:00,16.57916740888443,16.64093093216891,16.261524508644495,16.464462280273438,2507800,0.0,0.0
2020-08-03 00:00:00-04:00,16.437992996168408,16.583579899871104,16.137998952920018,16.552698135375977,2381700,0.0,0.0
2020-08-04 00:00:00-04:00,16.526227330267318,16.962986358445463,16.49093460638572,16.552698135375977,4558000,0.0,0.0
2020-08-05 00:00:00-04:00,16.76445780168776,17.108569818026986,15.965939600542129,16.111526489257812,4892800,0.0,0.0
2020-08-06 00:00:00-04:00,15.996823234326113,16.73357799907853,15.996823234326113,16.61446189880371,2813900,0.0,0.0
2020-08-07 00:00:00-04:00,16.526225904732303,16.892397770631707,16.310053571913212,16.676223754882812,3991100,0.0,0.0
2020-08-10 00:00:00-04:00,16.70269155695748,17.002687203362267,16.59681004760835,16.9409236907959,2421600,0.0,0.0
2020-08-11 00:00:00-04:00,17.099746714023286,17.34680249465942,16.632107638833585,16.667400360107422,2335400,0.0,0.0
2020-08-12 00:00:00-04:00,16.835042676424518,17.152685530881627,16.78210276165818,17.064451217651367,2371800,0.0,0.0
2020-08-13 00:00:00-04:00,17.002685439670564,17.055625347388915,16.75562973210273,16.86151123046875,1064100,0.0,0.0
2020-08-14 00:00:00-04:00,16.702692934016113,16.936512445988825,16.58798781585353,16.80857276916504,1316300,0.0,0.0
2020-08-17 00:00:00-04:00,16.879164446051917,17.11563295314373,16.755637377369695,17.073280334472656,2235600,0.0,0.0
2020-08-18 00:00:00-04:00,17.117398907293186,17.999739074503456,17.073282572104798,17.77033042907715,6428000,0.0,0.0
2020-08-19 00:00:00-04:00,17.832092169496182,17.832092169496182,17.37327660793935,17.4085693359375,2396500,0.0,0.0
2020-08-20 00:00:00-04:00,17.293867925491867,17.426218616371912,17.06445927593229,17.117399215698242,2021100,0.0,0.0
2020-08-21 00:00:00-04:00,17.037989926327832,17.232105860340713,16.80858125708655,16.852699279785156,3077300,0.0,0.0
2020-08-24 00:00:00-04:00,16.905636284380645,17.126221310724787,16.676227655031113,17.029163360595703,1748500,0.0,0.0
2020-08-25 00:00:00-04:00,17.126217407552502,17.21003909260492,16.76445818142972,16.887985229492188,1774400,0.0,0.0
2020-08-26 00:00:00-04:00,16.764459527455397,16.78210673086117,16.30564233648501,16.552698135375977,2115800,0.0,0.0
2020-08-27 00:00:00-04:00,16.614467006004155,16.887992015013552,16.517409038997716,16.852699279785156,2436000,0.0,0.0
2020-08-28 00:00:00-04:00,16.98504702849895,17.05122320957427,16.729167590133255,17.029163360595703,1030500,0.0,0.0
2020-08-31 00:00:00-04:00,17.064455627749,17.183571728954497,16.93210496516399,16.967397689819336,2526900,0.0,0.0
2020-09-01 00:00:00-04:00,16.861517463257197,16.861517463257197,16.482111004682835,16.552698135375977,2036100,0.0,0.0
2020-09-02 00:00:00-04:00,16.579166235536814,17.148274147616505,16.332110476953844,17.020336151123047,1801400,0.0,0.0
2020-09-03 00:00:00-04:00,16.99386833549652,17.223276933851107,16.468876649582914,16.543874740600586,2076000,0.0,0.0
2020-09-04 00:00:00-04:00,16.561518704720143,16.676222139995954,15.904174803117161,16.085054397583008,2352300,0.0,0.0
2020-09-08 00:00:00-04:00,16.085053771742444,16.235051601531364,15.6615310816077,15.749765396118164,2845400,0.0,0.0
2020-09-09 00:00:00-04:00,15.95270698122648,16.429171384509285,15.935059777490826,16.252702713012695,2598100,0.0,0.0
2020-09-10 00:00:00-04:00,16.217408409512334,16.248291857712715,15.952707083500409,15.961530685424805,1860800,0.0,0.0
2020-09-11 00:00:00-04:00,16.25270443106497,16.332115173339844,15.819476136017512,16.332115173339844,2949400,0.0,0.0
2020-09-14 00:00:00-04:00,16.33211255963958,16.658577396363867,16.10270397232879,16.649755477905273,2871500,0.0,0.0
2020-09-15 00:00:00-04:00,16.67197519870836,16.67197519870836,16.316496326732512,16.36981773376465,4239600,0.135,0.0
2020-09-16 00:00:00-04:00,16.280948241653434,16.73418445715416,16.263173873581163,16.538671493530273,4199100,0.0,0.0
2020-09-17 00:00:00-04:00,16.41424894150574,16.440910487652058,16.094318863033198,16.245397567749023,4829700,0.0,0.0
2020-09-18 00:00:00-04:00,16.218741311084656,16.440915849592663,16.00989670246882,16.094324111938477,4210800,0.0,0.0
2020-09-21 00:00:00-04:00,15.827707002596215,16.080985734538324,15.703289855693143,15.898802757263184,3740600,0.0,0.0
2020-09-22 00:00:00-04:00,16.067655246250943,16.16541254113282,15.712176485393796,15.836593627929688,4177500,0.0,0.0
2020-09-23 00:00:00-04:00,15.898809960679948,16.12098450655891,15.836601359043003,15.961018562316895,3876600,0.0,0.0
2020-09-24 00:00:00-04:00,15.952129582349025,16.094321125000306,15.676631985287385,15.987676620483398,2915800,0.0,0.0
2020-09-25 00:00:00-04:00,15.907688192761343,16.08987115004364,15.783271059511868,16.00544548034668,2261200,0.0,0.0
2020-09-28 00:00:00-04:00,16.13875705635782,16.183191282497884,15.938799648613392,15.969903945922852,3745300,0.0,0.0
2020-09-29 00:00:00-04:00,16.12986513681657,16.76084147212135,16.12986513681657,16.467571258544922,8584100,0.0,0.0
2020-09-30 00:00:00-04:00,16.591988309797262,16.86748415842826,16.28983091643814,16.760841369628906,7880600,0.0,0.0
2020-10-01 00:00:00-04:00,16.83193644420571,16.849709111580076,15.867698470537416,15.898802757263184,5387900,0.0,0.0
2020-10-02 00:00:00-04:00,15.498893404501729,16.03211253697248,15.29449157876573,15.987676620483398,4149100,0.0,0.0
2020-10-05 00:00:00-04:00,16.032110038201587,16.196518665944172,15.809935575555047,15.82770824432373,5855800,0.0,0.0
2020-10-06 00:00:00-04:00,15.863258278947407,16.192075561523815,15.765500964910588,15.952128410339355,6051800,0.0,0.0
2020-10-07 00:00:00-04:00,15.996563456248387,16.03211218866734,15.78327614690523,15.845484733581543,5771000,0.0,0.0
2020-10-08 00:00:00-04:00,15.943240158317371,16.272057418838685,15.90769143012228,16.245397567749023,5212600,0.0,0.0
2020-10-09 00:00:00-04:00,16.316495622275045,16.378704210302867,15.987676620483398,15.987676620483398,3355800,0.0,0.0
2020-10-12 00:00:00-04:00,15.94324440733999,16.156531748183625,15.801052846777566,15.996565818786621,3888500,0.0,0.0
2020-10-13 00:00:00-04:00,15.907695986978242,16.125427771902125,15.721070195663891,16.02322769165039,5596400,0.0,0.0
2020-10-14 00:00:00-04:00,16.08543365536903,16.90303585858838,16.05877210595018,16.671974182128906,4168400,0.0,0.0
2020-10-15 00:00:00-04:00,16.48534378914046,16.943024316473746,16.387588182135367,16.663084030151367,2374100,0.0,0.0
2020-10-16 00:00:00-04:00,16.69863975594955,17.120770038945935,16.578665297235947,16.903039932250977,2492500,0.0,0.0
2020-10-19 00:00:00-04:00,16.96523993780404,17.000786965860716,16.71640396118164,16.71640396118164,2184900,0.0,0.0
2020-10-20 00:00:00-04:00,16.840822219848633,17.0629966465218,16.70307346509098,16.840822219848633,2256400,0.0,0.0
2020-10-21 00:00:00-04:00,16.68086097751771,17.018565453688847,16.631982318914442,16.831939697265625,2492500,0.0,0.0
2020-10-22 00:00:00-04:00,16.876367183972878,17.05855012377531,16.574209865024045,16.938575744628906,1943700,0.0,0.0
2020-10-23 00:00:00-04:00,17.08077305111619,17.2140790923437,16.903922697632265,17.134096145629883,1713800,0.0,0.0
2020-10-26 00:00:00-04:00,17.00967851345523,17.06300161181426,16.663086849405783,16.96524429321289,1970700,0.0,0.0
2020-10-27 00:00:00-04:00,16.88525684713832,17.116318460032243,16.320933585945614,16.38758659362793,3817500,0.0,0.0
2020-10-28 00:00:00-04:00,16.1120883714378,16.192071299130205,15.378913794332508,15.418905258178711,4082000,0.0,0.0
2020-10-29 00:00:00-04:00,15.27671932626008,15.578876786446312,15.027883272266438,15.41002368927002,3114600,0.0,0.0
2020-10-30 00:00:00-04:00,15.383361509391118,15.68996339633511,15.312265739023516,15.436684608459473,3819500,0.0,0.0
2020-11-02 00:00:00-05:00,15.6321947810726,15.916577812111973,15.48111608395086,15.765499114990234,5941700,0.0,0.0
2020-11-03 00:00:00-05:00,16.041001210034512,16.60088200355887,16.02322853496714,16.343158721923828,4046000,0.0,0.0
2020-11-04 00:00:00-05:00,16.52978299486849,16.77861734786218,16.05255158993046,16.298721313476562,3310900,0.0,0.0
2020-11-05 00:00:00-05:00,16.467578466201886,16.867491644266877,16.294280891144005,16.432029724121094,2319500,0.0,0.0
2020-11-06 00:00:00-05:00,16.32538412968506,16.64531427907075,16.20985243249984,16.22762680053711,2266100,0.0,0.0
2020-11-09 00:00:00-05:00,16.894150833114324,17.46291706623592,16.565331795180228,16.805280685424805,4571800,0.0,0.0
2020-11-10 00:00:00-05:00,16.876372755834158,17.94725364726756,16.75195559344484,17.933923721313477,4548300,0.0,0.0
2020-11-11 00:00:00-05:00,17.960582772918666,18.058340079043866,17.249625169435298,17.454025268554688,3453400,0.0,0.0
2020-11-12 00:00:00-05:00,17.516233656340905,17.64509525027501,16.734180301020615,16.91192054748535,3940100,0.0,0.0
2020-11-13 00:00:00-05:00,17.03634141535137,17.63621191153805,17.03634141535137,17.534011840820312,2649500,0.0,0.0
2020-11-16 00:00:00-05:00,17.773958370862186,17.916149902224543,17.391817994679567,17.59621810913086,2962300,0.0,0.0
2020-11-17 00:00:00-05:00,17.418482438796033,17.596221035024918,16.983020589708264,17.17853355407715,2616500,0.0,0.0
2020-11-18 00:00:00-05:00,17.196306976737986,17.320724156763262,16.53867064722918,16.547557830810547,3483800,0.0,0.0
2020-11-19 00:00:00-05:00,16.50311829000989,16.645309805982908,16.156526681707724,16.467571258544922,2798300,0.0,0.0
2020-11-20 00:00:00-05:00,16.396479471555665,16.609766797170394,16.156530594592727,16.174304962158203,2012300,0.0,0.0
2020-11-23 00:00:00-05:00,16.29872030362378,16.591990555093393,16.2809459380664,16.50312042236328,1991300,0.0,0.0
2020-11-24 00:00:00-05:00,16.743073975989343,17.22297011546231,16.529786614550552,17.21408462524414,3340600,0.0,0.0
2020-11-25 00:00:00-05:00,17.214079561548548,17.39803898795913,17.094105138207677,17.302947998046875,2248600,0.0,0.0
2020-11-27 00:00:00-05:00,17.338497811480664,17.462914986393592,17.294061895399707,17.40959358215332,1391500,0.0,0.0
2020-11-30 00:00:00-05:00,17.409592750244567,17.48957570031147,16.512007628982396,16.60087776184082,4669400,0.0,0.0
2020-12-01 00:00:00-05:00,16.663085309973088,16.9919042725815,16.60976391159705,16.689746856689453,2870500,0.0,0.0
2020-12-02 00:00:00-05:00,16.56532781516474,16.78750228347996,16.44091065532635,16.769729614257812,1826400,0.0,0.0
2020-12-03 00:00:00-05:00,16.743069103175145,16.840826417696963,16.53422454762645,16.68086051940918,2436000,0.0,0.0
2020-12-04 00:00:00-05:00,16.78750633275199,17.098551002430934,16.778619148468923,17.01856803894043,2387000,0.0,0.0
2020-12-07 00:00:00-05:00,17.063000516244937,17.063000516244937,16.583102832167704,16.858598709106445,3878300,0.0,0.0
2020-12-08 00:00:00-05:00,16.71640338827334,16.858594885739656,16.463124677470436,16.840822219848633,3582500,0.0,0.0
2020-12-09 00:00:00-05:00,16.885262596552625,17.009679778530042,16.729741119080852,16.894149780273438,2899400,0.0,0.0
2020-12-10 00:00:00-05:00,16.894149114434384,16.951914958814484,16.596434404220247,16.725296020507812,3746500,0.0,0.0
2020-12-11 00:00:00-05:00,16.565327646221565,16.63642340755509,16.187631731960327,16.245397567749023,4090100,0.0,0.0
2020-12-14 00:00:00-05:00,16.449800223048104,16.547557545701896,15.983234110935141,16.120981216430664,5038700,0.0,0.0
2020-12-15 00:00:00-05:00,16.29557745254958,16.57761505165977,16.080689223085248,16.528369903564453,4275100,0.135,0.0
2020-12-16 00:00:00-05:00,16.591048487664388,16.60895441898246,16.03592363040913,16.188135147094727,3949400,0.0,0.0
2020-12-17 00:00:00-05:00,16.09859466460253,16.2149925820016,15.923999496269959,16.0538272857666,4985800,0.0,0.0
2020-12-18 00:00:00-05:00,16.026969557891075,16.188134891575043,15.740454168126877,15.803129196166992,5841600,0.0,0.0
2020-12-21 00:00:00-05:00,15.883712875080967,15.915050391097775,15.570336007146343,15.72254753112793,5939100,0.0,0.0
2020-12-22 00:00:00-05:00,15.91056982341777,16.25528410962253,15.829987174291148,16.232898712158203,4624500,0.0,0.0
2020-12-23 00:00:00-05:00,16.34034600668615,16.626861389451175,16.189029365709736,16.537324905395508,4270100,0.0,0.0
2020-12-24 00:00:00-05:00,16.823839251489503,16.83279136144498,16.54179997044086,16.752208709716797,1503700,0.0,0.0
2020-12-28 00:00:00-05:00,16.83279517762783,17.155125857616532,16.80593542613977,17.119312286376953,2379500,0.0,0.0
2020-12-29 00:00:00-05:00,17.19093643744717,17.307332646866797,16.886513480176102,16.922327041625977,2394700,0.0,0.0
2020-12-30 00:00:00-05:00,16.85069988420909,17.48819705276683,16.832792247822937,17.450592041015625,3357200,0.0,0.0
2020-12-31 00:00:00-05:00,17.51326580884635,17.6833849268232,17.370008143528814,17.602802276611328,2653800,0.0,0.0
2021-01-04 00:00:00-05:00,17.584894298741183,17.66547694738234,17.15064525635943,17.17302894592285,4338400,0.0,0.0
2021-01-05 00:00:00-05:00,17.155128514142156,17.95199980999393,17.128267050728017,17.74606704711914,4014400,0.0,0.0
2021-01-06 00:00:00-05:00,17.91617978297267,18.71305079193259,17.91617978297267,18.166881561279297,5533600,0.0,0.0
2021-01-07 00:00:00-05:00,18.175834202507424,18.453397442667576,18.014670598636425,18.068391799926758,3347200,0.0,0.0
2021-01-08 00:00:00-05:00,18.175838298138377,18.856313262959343,18.15793236551759,18.793638229370117,4281800,0.0,0.0
2021-01-11 00:00:00-05:00,18.569794002332248,19.044336127728382,18.408628687753705,18.95479965209961,4897000,0.0,0.0
2021-01-12 00:00:00-05:00,19.035379819072453,19.447245162209523,18.98165862382979,19.303987503051758,3927400,0.0,0.0
2021-01-13 00:00:00-05:00,19.29503291772824,19.68003850179951,19.214450274189325,19.51887321472168,3054200,0.0,0.0
2021-01-14 00:00:00-05:00,19.581554678994998,19.608414428174843,19.07567500698953,19.098058700561523,4129800,0.0,0.0
2021-01-15 00:00:00-05:00,19.062241268907837,19.42038541677089,19.011204681830673,19.259220123291016,4013300,0.0,0.0
2021-01-19 00:00:00-05:00,19.39352607409268,19.590504949895056,19.259222217510782,19.43829345703125,3681900,0.0,0.0
2021-01-20 00:00:00-05:00,19.43829620467469,19.53678651038078,19.08015196724313,19.17864227294922,4582300,0.0,0.0
2021-01-21 00:00:00-05:00,19.133871143345264,19.214452086719568,18.76677145050225,18.972705841064453,4557000,0.0,0.0
2021-01-22 00:00:00-05:00,18.847354296280066,19.183114776910468,18.61456186587717,19.107009887695312,3934800,0.0,0.0
2021-01-25 00:00:00-05:00,19.008516121176818,19.268171665068408,18.659325831717183,18.66827964782715,4918000,0.0,0.0
2021-01-26 00:00:00-05:00,18.668281352704764,18.748863997287845,18.51606988046627,18.623512268066406,3955200,0.0,0.0
2021-01-27 00:00:00-05:00,18.399674533611044,18.713051338709352,18.068391799926758,18.068391799926758,5036100,0.0,0.0
2021-01-28 00:00:00-05:00,18.05048416357458,18.336999514144622,17.710247611714205,18.068391799926758,3319200,0.0,0.0
2021-01-29 00:00:00-05:00,17.96094802904573,18.33699986071792,17.8803653717041,17.8803653717041,3904200,0.0,0.0
2021-02-01 00:00:00-05:00,17.925135215023623,18.399675652859116,17.83559873558245,18.23851203918457,3389100,0.0,0.0
2021-02-02 00:00:00-05:00,18.417581943378718,18.905553927491923,18.328045470485563,18.641422271728516,4558200,0.0,0.0
2021-02-03 00:00:00-05:00,18.48025911083315,19.45620319253571,18.399676446636324,19.071197509765625,7976200,0.0,0.0
2021-02-04 00:00:00-05:00,19.11596716924274,19.187596016445674,18.67724026665397,18.8831729888916,4385400,0.0,0.0
2021-02-05 00:00:00-05:00,19.035383578396637,19.04433739733305,18.735436621209,18.84735679626465,2866800,0.0,0.0
2021-02-08 00:00:00-05:00,18.892121079254682,19.133869005667286,18.659326969498014,18.83839988708496,3620900,0.0,0.0
2021-02-09 00:00:00-05:00,18.910033625237183,19.22340875077775,18.78468186725461,19.098058700561523,2680600,0.0,0.0
2021-02-10 00:00:00-05:00,19.277130395771763,19.3263738352822,18.874217106931912,19.205501556396484,2079000,0.0,0.0
2021-02-11 00:00:00-05:00,19.24131367196857,19.366663704486022,19.107009821733282,19.26817512512207,3888000,0.0,0.0
2021-02-12 00:00:00-05:00,19.32189905181413,19.348760508760325,18.995092343917285,19.098058700561523,2375300,0.0,0.0
2021-02-16 00:00:00-05:00,19.688997543856896,19.80539548553316,19.43829572989497,19.617368698120117,6371500,0.0,0.0
2021-02-17 00:00:00-05:00,19.697949639237272,19.966557360302193,19.43829402881044,19.7069034576416,4514400,0.0,0.0
2021-02-18 00:00:00-05:00,19.823292872041584,20.86191154144973,19.71585050362869,20.72760772705078,9159900,0.0,0.0
2021-02-19 00:00:00-05:00,20.80819303554438,20.89772949259014,20.414233649202572,20.512723922729492,5536300,0.0,0.0
2021-02-22 00:00:00-05:00,20.593311304628163,20.79924400781054,20.338133453344287,20.638078689575195,5783800,0.0,0.0
2021-02-23 00:00:00-05:00,20.63807503047902,21.023080620721217,20.105335729891543,20.933544158935547,6475000,0.0,0.0
2021-02-24 00:00:00-05:00,21.094708376621575,21.667740678270345,20.960404544651006,21.336456298828125,5513700,0.0,0.0
2021-02-25 00:00:00-05:00,21.255875378282237,21.4976233200529,20.351560331772966,20.378421783447266,7078900,0.0,0.0
2021-02-26 00:00:00-05:00,16.70744183354048,17.190937758514075,15.324108547443124,15.444982528686523,29798900,0.0,0.0
2021-03-01 00:00:00-05:00,16.12546072281494,16.38511466821255,15.552429912751359,15.58824348449707,21195500,0.0,0.0
2021-03-02 00:00:00-05:00,15.677775864194961,15.677775864194961,14.943579904393806,14.952533721923828,12942800,0.0,0.0
2021-03-03 00:00:00-05:00,14.862998312775145,15.033117442427521,14.500376361934443,14.710786819458008,12035100,0.0,0.0
2021-03-04 00:00:00-05:00,14.907767368571603,15.731499946991262,14.746602039003307,15.659871101379395,10713400,0.0,0.0
2021-03-05 00:00:00-05:00,16.000103743428344,16.197082572294807,15.507654109613513,15.955334663391113,7587200,0.0,0.0
2021-03-08 00:00:00-05:00,16.179178666677647,17.1685525085355,16.152318920234737,16.904420852661133,7913400,0.0,0.0
2021-03-09 00:00:00-05:00,16.922330497840704,17.33419763911315,16.600001547895292,16.698490142822266,8209800,0.0,0.0
2021-03-10 00:00:00-05:00,16.68057868193237,17.517742647443455,16.68057868193237,17.47745132446289,7075900,0.0,0.0
2021-03-11 00:00:00-05:00,17.45954118985907,17.573252771957495,16.38958496454356,16.84174156188965,8720600,0.0,0.0
2021-03-12 00:00:00-05:00,16.886518516664104,17.029776220722983,16.255288724477627,16.474651336669922,12757300,0.0,0.0
2021-03-15 00:00:00-04:00,16.474650513101,16.689537058447126,16.313485177149794,16.6447696685791,8233700,0.0,0.0
2021-03-16 00:00:00-04:00,16.52742395214425,16.52742395214425,16.175393070560308,16.35592269897461,6541200,0.15,0.0
2021-03-17 00:00:00-04:00,15.353980836365892,15.985830858094317,15.353980836365892,15.606721878051758,10168500,0.0,0.0
2021-03-18 00:00:00-04:00,15.489380663549143,15.61123788694139,15.137349832632355,15.155403137207031,7972800,0.0,0.0
2021-03-19 00:00:00-04:00,15.164432660083111,15.660888356281164,15.020009623065818,15.615755081176758,8380700,0.0,0.0
2021-03-22 00:00:00-04:00,15.489382989199681,15.651859311450988,15.010980676088407,15.074167251586914,7602400,0.0,0.0
2021-03-23 00:00:00-04:00,15.155405412712568,15.430710601351567,15.010980676088407,15.074167251586914,6574200,0.0,0.0
2021-03-24 00:00:00-04:00,15.038059713326334,15.516461997052474,14.983901516455196,15.182482719421387,6247400,0.0,0.0
2021-03-25 00:00:00-04:00,15.236644112037856,15.595897405002734,14.992931314172218,15.390093803405762,6400900,0.0,0.0
2021-03-26 00:00:00-04:00,15.417169898500722,15.511947169528428,14.983900898095813,15.227615356445312,4641400,0.0,0.0
2021-03-29 00:00:00-04:00,15.19151365792709,16.012920382427446,15.137355445778308,15.904603958129883,6447700,0.0,0.0
2021-03-30 00:00:00-04:00,15.89557339970954,16.085127956518853,15.751150388333464,16.076101303100586,4370300,0.0,0.0
2021-03-31 00:00:00-04:00,16.13026132691628,16.193446179590715,15.949731700710934,15.958758354187012,4724100,0.0,0.0
2021-04-01 00:00:00-04:00,15.931678656415706,16.01291681738163,15.660885934301385,15.994863510131836,3120500,0.0,0.0
2021-04-05 00:00:00-04:00,16.157339565686403,16.238577725312997,15.805308688409902,15.958758354187012,3738500,0.0,0.0
2021-04-06 00:00:00-04:00,15.796281822081275,16.252116625703202,15.769201862017937,16.139286041259766,5133700,0.0,0.0
2021-04-07 00:00:00-04:00,16.112210779652457,16.184422298171313,15.886549569073734,15.967787742614746,3215300,0.0,0.0
2021-04-08 00:00:00-04:00,16.003889181554435,16.06707403139274,15.841412869594201,15.88654613494873,2668700,0.0,0.0
2021-04-09 00:00:00-04:00,15.832384604559048,15.931674324116777,15.57061688559396,15.79627799987793,4556300,0.0,0.0
2021-04-12 00:00:00-04:00,15.778230712108806,15.89557550039593,15.453279754397656,15.489384651184082,4964500,0.0,0.0
2021-04-13 00:00:00-04:00,15.480355969057838,15.931678310556071,15.353986264368924,15.841413497924805,4713200,0.0,0.0
2021-04-14 00:00:00-04:00,16.021943841508516,16.08512869668578,15.814335968309468,15.913625717163086,3579900,0.0,0.0
2021-04-15 00:00:00-04:00,15.91362625320911,16.17539405822754,15.91362625320911,16.17539405822754,3589200,0.0,0.0
2021-04-16 00:00:00-04:00,16.21149297697127,16.25662623102198,16.003885173310834,16.06707000732422,4379800,0.0,0.0
2021-04-19 00:00:00-04:00,16.247600756275453,16.265654059202504,16.07609782178394,16.121231079101562,4248300,0.0,0.0
2021-04-20 00:00:00-04:00,16.09415460993712,16.30176247358297,15.990350678114197,16.076101303100586,4265200,0.0,0.0
2021-04-21 00:00:00-04:00,16.021941060135717,16.166364053086,15.93167625912732,16.030967712402344,4484600,0.0,0.0
2021-04-22 00:00:00-04:00,16.09415570983612,16.238578731082285,15.715044848650384,15.724071502685547,5103500,0.0,0.0
2021-04-23 00:00:00-04:00,15.724069485015882,15.823360945003643,15.552566523671022,15.787254333496094,3212900,0.0,0.0
2021-04-26 00:00:00-04:00,15.19151255878899,15.719560684424403,15.010982902476727,15.390093803405762,8312600,0.0,0.0
2021-04-27 00:00:00-04:00,15.344956852467037,15.399115041646857,15.110269070477429,15.200533866882324,5617800,0.0,0.0
2021-04-28 00:00:00-04:00,15.128323180345015,15.236639564477311,15.09221657119566,15.155403137207031,5003800,0.0,0.0
2021-04-29 00:00:00-04:00,15.245663087345047,15.629287983351233,15.200531556830216,15.399112701416016,6223600,0.0,0.0
2021-04-30 00:00:00-04:00,15.335931745717556,15.417169898500722,15.128323898230784,15.227615356445312,4121100,0.0,0.0
2021-05-03 00:00:00-04:00,15.263722088488441,15.39911845225457,15.164430618286133,15.164430618286133,3636100,0.0,0.0
2021-05-04 00:00:00-04:00,15.218586713907262,15.218586713907262,14.704079627990723,14.704079627990723,7868300,0.0,0.0
2021-05-05 00:00:00-04:00,14.731158234705463,14.803369727163517,14.17151873774109,14.677000045776367,14499100,0.0,0.0
2021-05-06 00:00:00-04:00,14.658952525951149,14.731164046900329,14.009048837408534,14.496476173400879,9773300,0.0,0.0
2021-05-07 00:00:00-04:00,14.496469621522115,14.496469621522115,13.963910110426818,14.487442970275879,11042400,0.0,0.0
2021-05-10 00:00:00-04:00,14.658951428353776,14.848507732688775,14.442316881726873,14.451343536376953,4886200,0.0,0.0
2021-05-11 00:00:00-04:00,14.550630263173383,14.830449579294669,14.460365467814261,14.740184783935547,7179100,0.0,0.0
2021-05-12 00:00:00-04:00,14.74921346132578,14.92071642389692,14.42426084206636,14.442314147949219,7436500,0.0,0.0
2021-05-13 00:00:00-04:00,14.505502828726835,14.758244012878194,14.38815889197711,14.496476173400879,6655500,0.0,0.0
2021-05-14 00:00:00-04:00,14.595762886092587,15.060624292544341,14.586736233719224,14.785317420959473,4340800,0.0,0.0
2021-05-17 00:00:00-04:00,14.640893645158114,14.73115844241788,14.225677988084117,14.370100975036621,6588000,0.0,0.0
2021-05-18 00:00:00-04:00,14.36107471170788,14.744697958369201,14.261784120698787,14.577709197998047,5171000,0.0,0.0
2021-05-19 00:00:00-04:00,14.415231230980574,14.947790701000846,14.315939796587768,14.9207124710083,5856100,0.0,0.0
2021-05-20 00:00:00-04:00,15.065136060066015,15.25198239704717,14.866553183060713,14.875579833984375,8113000,0.0,0.0
2021-05-21 00:00:00-04:00,14.95682083193126,15.1644286779187,14.902662637686268,15.056112289428711,4327700,0.0,0.0
2021-05-24 00:00:00-04:00,15.182481273283527,15.21858788219714,14.825936257722036,15.038058280944824,3052900,0.0,0.0
2021-05-25 00:00:00-04:00,14.938766292397776,15.05611104550125,14.595762128307687,14.604788780212402,5289100,0.0,0.0
2021-05-26 00:00:00-04:00,14.577708969264997,14.776291869825156,14.49647082297363,14.649920463562012,4062200,0.0,0.0
2021-05-27 00:00:00-04:00,14.658952525951149,14.731164046900329,14.361079786828475,14.496476173400879,7598500,0.0,0.0
2021-05-28 00:00:00-04:00,14.451343985605126,14.649925229104879,14.39718491685025,14.5957670211792,6334900,0.0,0.0
2021-06-01 00:00:00-04:00,14.713105056827247,14.920714605867714,14.604788678044029,14.848503112792969,6135200,0.0,0.0
2021-06-02 00:00:00-04:00,14.893634938482029,15.200534220401558,14.740185297522265,15.119296073913574,6838600,0.0,0.0
2021-06-03 00:00:00-04:00,14.722134264258925,15.760175303021828,14.496473094020985,15.678938865661621,8380000,0.0,0.0
2021-06-04 00:00:00-04:00,15.615756472307268,15.760179522190498,15.471333422424038,15.706021308898926,6969200,0.0,0.0
2021-06-07 00:00:00-04:00,15.755661178067413,16.003888094859104,15.615750647455625,15.8955717086792,5554300,0.0,0.0
2021-06-08 00:00:00-04:00,15.94070562120979,16.49583191754114,15.814335911310737,16.38300132751465,7152800,0.0,0.0
2021-06-09 00:00:00-04:00,16.46424051998812,16.581585305084758,16.319817493452476,16.500347137451172,4303900,0.0,0.0
2021-06-10 00:00:00-04:00,16.55450597645537,16.55450597645537,16.193448396278367,16.40105628967285,3314200,0.0,0.0
2021-06-11 00:00:00-04:00,16.473262846065285,16.83432031753789,16.392024699776723,16.816267013549805,3584100,0.0,0.0
2021-06-14 00:00:00-04:00,16.816268674816957,16.85237528636008,16.46423782056152,16.599634170532227,3619000,0.0,0.0
2021-06-15 00:00:00-04:00,16.636035018088577,16.827148365562675,16.45402081836615,16.754343032836914,3242700,0.15,0.0
2021-06-16 00:00:00-04:00,16.790747224718274,16.89995436017599,16.344812591514884,16.508625030517578,4213500,0.0,0.0
2021-06-17 00:00:00-04:00,16.490429789003258,16.567784721106296,16.358469537492237,16.517730712890625,4186800,0.0,0.0
2021-06-18 00:00:00-04:00,16.43582198795445,16.472225528729876,15.853379222078525,15.898881912231445,4557600,0.0,0.0
2021-06-21 00:00:00-04:00,16.053594859494012,16.34481626729544,15.989890393514512,16.308414459228516,3130200,0.0,0.0
2021-06-22 00:00:00-04:00,16.262909746848944,16.41762131751972,16.14459997972737,16.272008895874023,5578200,0.0,0.0
2021-06-23 00:00:00-04:00,16.272007898934813,16.32661320463755,16.108197189275174,16.15369987487793,2634300,0.0,0.0
2021-06-24 00:00:00-04:00,16.162801203589044,16.63603678446148,16.044491440462814,16.608734130859375,3520700,0.0,0.0
2021-06-25 00:00:00-04:00,16.60873419980966,16.82715022208455,16.545029743623182,16.736143112182617,4748300,0.0,0.0
2021-06-28 00:00:00-04:00,16.74524436689009,17.14112330752529,16.581431912608963,17.118371963500977,4082600,0.0,0.0
2021-06-29 00:00:00-04:00,17.172976892548643,17.23668134873512,16.66333777142432,16.736143112182617,4640600,0.0,0.0
2021-06-30 00:00:00-04:00,16.754346901124848,16.945462028540163,16.55413262385702,16.881755828857422,4950700,0.0,0.0
2021-07-01 00:00:00-04:00,16.972764137599462,17.25943598087745,16.90451009403004,17.182079315185547,3824000,0.0,0.0
2021-07-02 00:00:00-04:00,17.209380349520096,17.50970262599792,17.045567883111026,17.32769012451172,4047600,0.0,0.0
2021-07-06 00:00:00-04:00,17.273084163395303,17.309487703815794,16.42672094259873,16.690641403198242,5254000,0.0,0.0
2021-07-07 00:00:00-04:00,16.936359950122462,17.7736222787216,16.881754639954277,17.646211624145508,9637400,0.0,0.0
2021-07-08 00:00:00-04:00,17.33678217310536,17.34588305482447,16.97275558341954,17.063762664794922,6707600,0.0,0.0
2021-07-09 00:00:00-04:00,17.473299037223555,17.805473510965058,17.373191043339514,17.58250617980957,4442500,0.0,0.0
2021-07-12 00:00:00-04:00,17.48240100280157,17.573408126831055,17.273085832605314,17.573408126831055,3596200,0.0,0.0
2021-07-13 00:00:00-04:00,17.64620821205923,17.64620821205923,17.10016910249066,17.127470016479492,3290900,0.0,0.0
2021-07-14 00:00:00-04:00,17.127468045569948,17.309482218358546,17.05466272361767,17.10926628112793,2202800,0.0,0.0
2021-07-15 00:00:00-04:00,16.954556706014248,17.2002753468097,16.80894604535383,17.127470016479492,3170600,0.0,0.0
2021-07-16 00:00:00-04:00,17.236681729733473,17.405043758492948,17.072869275452344,17.118371963500977,3520400,0.0,0.0
2021-07-19 00:00:00-04:00,16.8362467304894,16.954554727539296,16.126393540742647,16.190099716186523,3924600,0.0,0.0
2021-07-20 00:00:00-04:00,16.235608409523007,16.658790041990105,16.235608409523007,16.55413246154785,4331800,0.0,0.0
2021-07-21 00:00:00-04:00,16.554131540871513,16.904507805030637,16.51772800057721,16.672439575195312,2709500,0.0,0.0
2021-07-22 00:00:00-04:00,16.990963106272034,17.209379134119843,16.77254707842422,17.136573791503906,4007800,0.0,0.0
2021-07-23 00:00:00-04:00,17.08196955030313,17.41869359579914,17.009164210535104,17.382291793823242,2679500,0.0,0.0
2021-07-26 00:00:00-04:00,17.35498914047915,17.59615650299518,17.186627117731142,17.382291793823242,2420500,0.0,0.0
2021-07-27 00:00:00-04:00,17.36409301551314,17.555208150204745,17.05466983425361,17.537006378173828,2575900,0.0,0.0
2021-07-28 00:00:00-04:00,17.564307345133468,17.732671133123443,17.37319394577169,17.719018936157227,4169500,0.0,0.0
2021-07-29 00:00:00-04:00,17.791817473534316,17.837321886297133,17.60434415323592,17.63710594177246,2352100,0.0,0.0
2021-07-30 00:00:00-04:00,17.546105178477173,17.80092301335366,17.39139360623803,17.42779541015625,3068100,0.0,0.0
2021-08-02 00:00:00-04:00,17.5188033376793,17.609810455427926,17.254882869789924,17.27308464050293,2968600,0.0,0.0
2021-08-03 00:00:00-04:00,17.20938311922419,17.473303632207102,17.154779533571986,17.245786666870117,2780100,0.0,0.0
2021-08-04 00:00:00-04:00,17.12747296845172,17.336788112250176,16.881754285305902,17.209379196166992,3187000,0.0,0.0
2021-08-05 00:00:00-04:00,16.745245907511908,16.981863725930292,16.244709349660695,16.626937866210938,6675900,0.0,0.0
2021-08-06 00:00:00-04:00,16.708841406430544,17.132022972076925,16.67971788284746,16.890853881835938,3351100,0.0,0.0
2021-08-09 00:00:00-04:00,16.93635953686229,17.209379137775986,16.854453309424922,17.191177368164062,3742800,0.0,0.0
2021-08-10 00:00:00-04:00,17.191180948517644,17.191180948517644,16.70429479280231,16.8271541595459,3325500,0.0,0.0
2021-08-11 00:00:00-04:00,16.754352589656566,16.85446063018795,16.56323913316979,16.699748992919922,2667800,0.0,0.0
2021-08-12 00:00:00-04:00,16.76344576589807,16.790748419613525,16.431271290199827,16.736143112182617,3001000,0.0,0.0
2021-08-13 00:00:00-04:00,16.71794406035637,16.827151209997183,16.667890060180852,16.7452449798584,2053200,0.0,0.0
2021-08-16 00:00:00-04:00,16.626936583427607,16.77254727032547,16.340264784177805,16.36301612854004,2418700,0.0,0.0
2021-08-17 00:00:00-04:00,16.335718188980557,16.5586838345383,16.20830751284522,16.517730712890625,3109300,0.0,0.0
2021-08-18 00:00:00-04:00,16.426723541931675,16.5723342550221,16.308415488476943,16.390321731567383,2076800,0.0,0.0
2021-08-19 00:00:00-04:00,16.2993076499968,16.490422714299505,16.180999647002462,16.199199676513672,3253300,0.0,0.0
2021-08-20 00:00:00-04:00,16.25381189163537,16.535932431038628,16.108201178664874,16.499528884887695,2324300,0.0,0.0
2021-08-23 00:00:00-04:00,16.444925370056428,16.49952895369392,16.34481735354051,16.408523559570312,2238600,0.0,0.0
2021-08-24 00:00:00-04:00,16.56323544995965,16.872658655688454,16.481329205159867,16.790752410888672,2976600,0.0,0.0
2021-08-25 00:00:00-04:00,16.872654294447305,17.364089900403137,16.736142764522047,17.291284561157227,3451600,0.0,0.0
2021-08-26 00:00:00-04:00,17.245786268725894,17.336791664106343,16.80895238614315,16.8271541595459,3668200,0.0,0.0
2021-08-27 00:00:00-04:00,16.890855962504656,17.03646665509222,16.763447040444632,17.000064849853516,3894400,0.0,0.0
2021-08-30 00:00:00-04:00,17.063768506973055,17.341339419083756,17.01826581861431,17.154775619506836,3329500,0.0,0.0
2021-08-31 00:00:00-04:00,17.19118326858374,17.373197555541992,17.104727436977857,17.373197555541992,3580900,0.0,0.0
2021-09-01 00:00:00-04:00,17.50970163874264,17.632560981622223,17.37319183637076,17.42779541015625,2955900,0.0,0.0
2021-09-02 00:00:00-04:00,17.427798456846027,17.655315412511943,17.40504710844276,17.54610824584961,3578800,0.0,0.0
2021-09-03 00:00:00-04:00,17.464200920716458,17.537006272585256,17.282186673136202,17.391395568847656,1614900,0.0,0.0
2021-09-07 00:00:00-04:00,17.300387238084394,17.38684304495429,17.113823428447812,17.145675659179688,2928300,0.0,0.0
2021-09-08 00:00:00-04:00,17.11837707957862,17.555211000154603,17.024641236453505,17.473304748535156,2158500,0.0,0.0
2021-09-09 00:00:00-04:00,17.43234553902933,17.5005995676811,17.05466665105467,17.20027732849121,2363600,0.0,0.0
2021-09-10 00:00:00-04:00,17.291288019875317,17.291288019875317,16.772549657009705,16.78165054321289,2023000,0.0,0.0
2021-09-13 00:00:00-04:00,16.909061485321,17.045571322937683,16.74524898585428,16.927263259887695,2038300,0.0,0.0
2021-09-14 00:00:00-04:00,17.000064245965202,17.000064245965202,16.37211707160249,16.38121795654297,3601100,0.0,0.0
2021-09-15 00:00:00-04:00,16.38122005191572,16.922672271728516,16.3261576186611,16.922672271728516,3131700,0.15,0.0
2021-09-16 00:00:00-04:00,16.79418490191383,16.803362262564363,16.372036814404634,16.427099227905273,3226100,0.0,0.0
2021-09-17 00:00:00-04:00,16.518870206379614,16.59228733728076,16.298618813676182,16.32615089416504,6337300,0.0,0.0
2021-09-20 00:00:00-04:00,16.19767333324701,16.353684991147865,15.532329446599155,15.922359466552734,6400700,0.0,0.0
2021-09-21 00:00:00-04:00,16.05084209553805,16.2343858752372,15.959070205688477,15.959070205688477,5828600,0.0,0.0
2021-09-22 00:00:00-04:00,16.105903900674342,16.271092945875623,15.986601673808499,15.995779037475586,2420500,0.0,0.0
2021-09-23 00:00:00-04:00,16.17931984872642,16.381218333485695,16.06919499376955,16.160966873168945,4454600,0.0,0.0
2021-09-24 00:00:00-04:00,16.24356313221334,16.381220090878905,16.115081787109375,16.115081787109375,4287100,0.0,0.0
2021-09-27 00:00:00-04:00,16.105899873804805,16.183906570269887,15.683751753085035,15.702106475830078,5177800,0.0,0.0
2021-09-28 00:00:00-04:00,15.637868758863245,15.700272373862061,15.339610601333076,15.390085220336914,4795200,0.0,0.0
2021-09-29 00:00:00-04:00,15.362551957341022,15.656220535912453,15.151477885293158,15.555273056030273,4766200,0.0,0.0
2021-09-30 00:00:00-04:00,15.922359988465141,16.110491545300253,15.679164256163947,15.692931175231934,5830800,0.0,0.0
2021-10-01 00:00:00-04:00,15.793880169893047,15.803057533346466,15.3212573296621,15.46350383758545,4198700,0.0,0.0
2021-10-04 00:00:00-04:00,15.34419602085575,15.775523243145171,15.316665687792279,15.619511604309082,3331700,0.0,0.0
2021-10-05 00:00:00-04:00,15.669987040534926,15.94071308246379,15.601157703446852,15.931535720825195,6159600,0.0,0.0
2021-10-06 00:00:00-04:00,15.775524037243105,16.17014183477503,15.628689752171146,16.133432388305664,3827100,0.0,0.0
2021-10-07 00:00:00-04:00,16.160964828424298,16.598714309737748,16.060015598817124,16.47298812866211,6470900,0.0,0.0
2021-10-08 00:00:00-04:00,16.49133900205645,16.821716983865432,16.408744506604204,16.427099227905273,3097400,0.0,0.0
2021-10-11 00:00:00-04:00,16.42710014342015,16.55558144928559,16.105899504360558,16.12425422668457,2446500,0.0,0.0
2021-10-12 00:00:00-04:00,16.087550438779456,16.45463622238131,16.02330889504643,16.372041702270508,2837100,0.0,0.0
2021-10-13 00:00:00-04:00,17.895444267338846,18.262529953511425,17.666015494680654,18.179935455322266,15378700,0.0,0.0
2021-10-14 00:00:00-04:00,18.317600485145665,18.446081845036584,17.88627483157799,17.959692001342773,6521300,0.0,0.0
2021-10-15 00:00:00-04:00,18.069813882995234,18.235002909160205,17.831207706357272,18.060636520385742,3273300,0.0,0.0
2021-10-18 00:00:00-04:00,17.86791092472709,17.918385531217684,17.666014249167226,17.739431381225586,10655000,0.0,0.0
2021-10-19 00:00:00-04:00,17.93216028660372,18.01475306467575,17.610959537022374,17.62931251525879,2754800,0.0,0.0
2021-10-20 00:00:00-04:00,17.633902258374604,17.927570918089916,17.592604993701933,17.721084594726562,2053600,0.0,0.0
2021-10-21 00:00:00-04:00,17.592602063984305,17.74861373227766,17.46412248435554,17.528362274169922,2516600,0.0,0.0
2021-10-22 00:00:00-04:00,17.54671970744393,17.739439106624108,17.413650550636707,17.53754234313965,2656300,0.0,0.0
2021-10-25 00:00:00-04:00,17.50082895295838,17.950509200392005,17.50082895295838,17.89544677734375,6030600,0.0,0.0
2021-10-26 00:00:00-04:00,17.89544677734375,18.120287776262,17.766967206763535,17.89544677734375,3051200,0.0,0.0
2021-10-27 00:00:00-04:00,17.895447801028805,18.12487661899071,17.803675923763446,18.042282104492188,3035100,0.0,0.0
2021-10-28 00:00:00-04:00,18.033108127512126,18.253359624060284,18.033108127512126,18.216651916503906,2572300,0.0,0.0
2021-10-29 00:00:00-04:00,18.051459755442828,18.225826149990393,17.922980175461987,17.978042602539062,3176000,0.0,0.0
2021-11-01 00:00:00-04:00,17.98722029463691,18.455255309365054,17.932157866552135,18.363483428955078,2756500,0.0,0.0
2021-11-02 00:00:00-04:00,18.363485932243798,18.372663296576142,18.01016528226311,18.23500633239746,4006000,0.0,0.0
2021-11-03 00:00:00-04:00,18.05145915777625,18.267122803091954,17.950509919474783,18.060636520385742,2460100,0.0,0.0
2021-11-04 00:00:00-04:00,17.922982922283882,17.96886799347982,17.372353315916325,17.62931251525879,6093500,0.0,0.0
2021-11-05 00:00:00-04:00,18.354306104706556,19.07930203603592,18.308421039606003,18.81316375732422,9136100,0.0,0.0
2021-11-08 00:00:00-05:00,18.868228018758835,18.90493747472839,18.060639241863914,18.11570167541504,5650800,0.0,0.0
2021-11-09 00:00:00-05:00,18.290065503694688,18.290065503694688,17.71465729061485,17.748613357543945,3353900,0.0,0.0
2021-11-10 00:00:00-05:00,17.629311478226946,18.106523892367363,17.62013586485012,17.84038734436035,2271500,0.0,0.0
2021-11-11 00:00:00-05:00,17.987220764160156,18.09734562320431,17.75320237548595,17.987220764160156,2689500,0.0,0.0
2021-11-12 00:00:00-05:00,18.033098220825195,18.161579502698114,17.973446259612853,18.033098220825195,2396500,0.0,0.0
2021-11-15 00:00:00-05:00,18.12488155979734,18.794813470771505,18.033109657515148,18.776458740234375,2727000,0.0,0.0
2021-11-16 00:00:00-05:00,18.85904608092221,18.891165971903995,18.736990495191414,18.758098602294922,5736500,0.0,0.0
2021-11-17 00:00:00-05:00,18.71221599512772,18.762690620976393,18.40936999043886,18.537851333618164,1798700,0.0,0.0
2021-11-18 00:00:00-05:00,18.4644320948816,18.57455694760646,18.32677340337107,18.491962432861328,2977500,0.0,0.0
2021-11-19 00:00:00-05:00,18.42772244147411,18.51949431800635,18.166173731119162,18.400190353393555,4026300,0.0,0.0
2021-11-22 00:00:00-05:00,18.400193124261634,18.996709536348543,18.290068256161714,18.611268997192383,4515300,0.0,0.0
2021-11-23 00:00:00-05:00,18.60208767269059,19.244487267580393,18.547023499960694,18.923288345336914,6669300,0.0,0.0
2021-11-24 00:00:00-05:00,18.82233911240162,19.10224253070195,18.82233911240162,18.923288345336914,2546100,0.0,0.0
2021-11-26 00:00:00-05:00,18.436898901826144,18.675505068970875,18.28088724447778,18.50113868713379,4147400,0.0,0.0
2021-11-29 00:00:00-05:00,18.721394291076724,18.721394291076724,18.03310772338711,18.43690299987793,4114400,0.0,0.0
2021-11-30 00:00:00-05:00,18.299244861491328,18.748925180127777,18.161587906872523,18.24418067932129,8850600,0.0,0.0
2021-12-01 00:00:00-05:00,18.52867252340597,19.276609237713796,18.49655262771928,18.85904884338379,5950100,0.0,0.0
2021-12-02 00:00:00-05:00,19.02423741300226,19.510627143559418,18.95999762320099,19.23531150817871,6267700,0.0,0.0
2021-12-03 00:00:00-05:00,19.317909470068862,19.363796292686686,18.877406475357557,19.00588607788086,4143000,0.0,0.0
2021-12-06 00:00:00-05:00,19.207778130477063,19.34084724566735,19.01505704116652,19.19860076904297,4810700,0.0,0.0
2021-12-07 00:00:00-05:00,19.22613556346817,19.547334506924198,19.13436368659375,19.207780838012695,3876500,0.0,0.0
2021-12-08 00:00:00-05:00,19.116013454264298,19.519808757180094,19.116013454264298,19.464744567871094,3836600,0.0,0.0
2021-12-09 00:00:00-05:00,19.44639151522019,19.48768878184462,19.125190747074978,19.17107582092285,2682200,0.0,0.0
2021-12-10 00:00:00-05:00,19.235310581195076,19.336259817676716,19.111420564207677,19.290374755859375,2852400,0.0,0.0
2021-12-13 00:00:00-05:00,19.060951862293493,19.28579118555038,18.978357325063445,19.024242401123047,3952700,0.0,0.0
2021-12-14 00:00:00-05:00,18.973765242086365,19.38215006644201,18.969177435252355,19.060949325561523,4358100,0.0,0.0
2021-12-15 00:00:00-05:00,19.153389442377428,19.236584810597265,18.88993803072685,19.134902954101562,4531000,0.15,0.0
2021-12-16 00:00:00-05:00,19.134896044397955,19.620201008343226,19.088675432557036,19.347505569458008,3057900,0.0,0.0
2021-12-17 00:00:00-05:00,19.245826147911053,19.744998284908522,19.11641193304642,19.624826431274414,3848300,0.0,0.0
2021-12-20 00:00:00-05:00,19.41221936697731,19.560121849674776,19.16725621059776,19.49541473388672,2604000,0.0,0.0
2021-12-21 00:00:00-05:00,19.689529122364462,20.202566449270385,19.65255439632644,20.160968780517578,3112500,0.0,0.0
2021-12-22 00:00:00-05:00,20.160969268824104,20.660141305947914,20.07777392930347,20.641653060913086,4211000,0.0,0.0
2021-12-23 00:00:00-05:00,20.669388869810582,20.78493777581241,20.36433982849121,20.36433982849121,3279700,0.0,0.0
2021-12-27 00:00:00-05:00,20.38282539569777,20.53072784766965,20.19794821230107,20.51224136352539,2283600,0.0,0.0
2021-12-28 00:00:00-05:00,20.53072638553049,20.632409975195657,20.276519174503747,20.382823944091797,1864300,0.0,0.0
2021-12-29 00:00:00-05:00,20.336604548036448,20.39206752130752,20.170213865087096,20.216434478759766,2895400,0.0,0.0
2021-12-30 00:00:00-05:00,20.22567529967859,20.771066157572267,20.22567529967859,20.697114944458008,7636100,0.0,0.0
2021-12-31 00:00:00-05:00,20.613920677807002,21.140825082085488,20.558457705880457,21.048385620117188,3243500,0.0,0.0
2022-01-03 00:00:00-05:00,21.09460972842548,21.21015864390821,20.650902316124558,21.020658493041992,3925100,0.0,0.0
2022-01-04 00:00:00-05:00,21.048389071006888,21.224022138092057,20.78955888768758,20.817291259765625,4572900,0.0,0.0
2022-01-05 00:00:00-05:00,20.78031145378876,21.039141595881794,20.419799489878113,20.43828773498535,4037900,0.0,0.0
2022-01-06 00:00:00-05:00,20.502997748883015,20.669388452266194,20.299630550020755,20.63241195678711,5284200,0.0,0.0
2022-01-07 00:00:00-05:00,20.632411725376407,21.039144355402716,20.438290415697505,20.992923736572266,6078300,0.0,0.0
2022-01-10 00:00:00-05:00,20.951327450643852,21.057632227353352,20.697118459451247,20.761825561523438,4341900,0.0,0.0
2022-01-11 00:00:00-05:00,20.845022983235644,20.955950714342467,20.627792227986838,20.808048248291016,6657100,0.0,0.0
2022-01-12 00:00:00-05:00,20.7618278360252,21.251755861744332,20.729474281444705,21.196292877197266,7344300,0.0,0.0
2022-01-13 00:00:00-05:00,21.168560460495396,21.177804585090605,20.826536666155086,20.900487899780273,3709100,0.0,0.0
2022-01-14 00:00:00-05:00,20.900490127992516,20.928220741598032,20.66476933352558,20.882001876831055,2994300,0.0,0.0
2022-01-18 00:00:00-05:00,20.835779013504943,21.034521504371952,20.683253615398797,20.74333953857422,4215900,0.0,0.0
2022-01-19 00:00:00-05:00,20.808043952307916,20.955946387823754,20.683250941753407,20.780311584472656,7263300,0.0,0.0
2022-01-20 00:00:00-05:00,20.82653491109258,21.07149802124476,20.059290265711166,20.087020874023438,5162700,0.0,0.0
2022-01-21 00:00:00-05:00,20.003824730735115,20.35509436929645,19.80045930424021,20.077775955200195,4244400,0.0,0.0
2022-01-24 00:00:00-05:00,19.874408252879,20.34584791603525,19.657175784516085,20.29962730407715,6039800,0.0,0.0
2022-01-25 00:00:00-05:00,20.105512136308796,20.30887760134918,19.828195432786764,20.03156089782715,5173300,0.0,0.0
2022-01-26 00:00:00-05:00,20.29963216494607,20.55846236448169,19.76348527980095,19.902145385742188,5850500,0.0,0.0
2022-01-27 00:00:00-05:00,20.123999068228105,20.29038978469437,19.550875685192803,19.69877815246582,4854900,0.0,0.0
2022-01-28 00:00:00-05:00,19.680292955823468,20.040805023029428,19.537011659893007,20.03156089782715,4707900,0.0,0.0
2022-01-31 00:00:00-05:00,19.994578105506356,20.25340824031671,19.994578105506356,20.160968780517578,6126000,0.0,0.0
2022-02-01 00:00:00-05:00,20.308872119566164,20.32736036498037,19.818945958042633,20.0130672454834,4526700,0.0,0.0
2022-02-02 00:00:00-05:00,20.16097360488729,20.57695039195547,19.90214517127728,20.558462142944336,6964000,0.0,0.0
2022-02-03 00:00:00-05:00,20.133243253922927,20.470645868609438,19.911389552340147,20.19795036315918,3931200,0.0,0.0
2022-02-04 00:00:00-05:00,20.068529008156933,20.345847383235167,19.652554090243612,20.17945671081543,5344000,0.0,0.0
2022-02-07 00:00:00-05:00,20.21643910932312,20.44291399721668,19.93912065317586,20.3181209564209,4638900,0.0,0.0
2022-02-08 00:00:00-05:00,20.35971645792274,20.67863256020695,20.25341167820679,20.586193084716797,4337800,0.0,0.0
2022-02-09 00:00:00-05:00,20.75258367852528,20.965193236835912,20.650900079708745,20.78955841064453,4984600,0.0,0.0
2022-02-10 00:00:00-05:00,20.539972911174555,20.826535467726817,20.345851595255006,20.410558700561523,5460200,0.0,0.0
2022-02-11 00:00:00-05:00,20.484506008246505,20.660140805551247,19.989956925927622,20.160968780517578,4527200,0.0,0.0
2022-02-14 00:00:00-05:00,20.114748888816816,20.253407189755162,19.62944395396463,19.966846466064453,4181000,0.0,0.0
2022-02-15 00:00:00-05:00,20.21643588881508,20.29038711271317,20.013068700743144,20.142484664916992,2605400,0.0,0.0
2022-02-16 00:00:00-05:00,20.077775955200195,20.24878959432391,19.976094123520877,20.077775955200195,2270800,0.0,0.0
2022-02-17 00:00:00-05:00,19.939116932327774,20.07777525295804,19.855921587322374,19.86516571044922,2465600,0.0,0.0
2022-02-18 00:00:00-05:00,19.82819366455078,20.105510343342303,19.726510059530213,19.82819366455078,2877300,0.0,0.0
2022-02-22 00:00:00-05:00,19.65255912356208,19.96222936077093,19.51390078207847,19.606338500976562,3681900,0.0,0.0
2022-02-23 00:00:00-05:00,19.597093652894618,19.791214953712068,19.23657989501953,19.23657989501953,4535200,0.0,0.0
2022-02-24 00:00:00-05:00,18.95002007642767,20.160972085194388,18.727242510986365,20.040802001953125,5802200,0.0,0.0
2022-02-25 00:00:00-05:00,20.040809447339015,20.734103122335686,19.745004428109024,20.24417495727539,3879000,0.0,0.0
2022-02-28 00:00:00-05:00,20.216434010385772,21.145446284481473,20.059287453811724,21.0946044921875,6381500,0.0,0.0
2022-03-01 00:00:00-05:00,21.066877207672263,21.085363692490173,20.063911795357235,20.271900177001953,6823000,0.0,0.0
2022-03-02 00:00:00-05:00,20.33661253670595,20.62779634625073,20.114758793336485,20.53997802734375,4145000,0.0,0.0
2022-03-03 00:00:00-05:00,20.595439412568155,20.771072495344562,20.19332791562511,20.3181209564209,4018900,0.0,0.0
2022-03-04 00:00:00-05:00,20.253413119029837,20.854267107755916,20.123998902018933,20.808048248291016,5107400,0.0,0.0
2022-03-07 00:00:00-05:00,20.95594666220613,21.709325915135228,20.595434691307993,20.66938591003418,5599800,0.0,0.0
2022-03-08 00:00:00-05:00,20.79880162083374,21.168557741465754,20.623166802357435,20.93745994567871,6063800,0.0,0.0
2022-03-09 00:00:00-05:00,21.140830352500487,21.32570755939094,20.82653716133654,21.020658493041992,4542500,0.0,0.0
2022-03-10 00:00:00-05:00,20.918971698863047,20.983680562717876,20.710985093163718,20.93745994567871,3534200,0.0,0.0
2022-03-11 00:00:00-05:00,21.002167147321288,21.099229562001828,20.687874002489703,20.734094619750977,3280300,0.0,0.0
2022-03-14 00:00:00-04:00,20.678632751671522,20.988302969823987,20.253411865734215,20.724851608276367,3805000,0.0,0.0
2022-03-15 00:00:00-04:00,20.79879961743694,20.928213806408557,20.373580560452442,20.641653060913086,3216300,0.0,0.0
2022-03-16 00:00:00-04:00,20.613927524399898,20.932843685956737,20.567708659632924,20.882001876831055,3992800,0.0,0.0
2022-03-17 00:00:00-04:00,20.817292030775814,21.006792172486712,20.595438335343772,20.6231689453125,3411400,0.0,0.0
2022-03-18 00:00:00-04:00,20.549215991042047,20.840399713261434,20.447534157785732,20.715606689453125,4951500,0.0,0.0
2022-03-21 00:00:00-04:00,20.790123389788484,20.99038681999642,20.42685566830131,20.53862953186035,3329900,0.17,0.0
2022-03-22 00:00:00-04:00,20.55725592523095,21.111473983180787,20.55725592523095,20.855321884155273,2959100,0.0,0.0
2022-03-23 00:00:00-04:00,20.78080851149858,20.88326936647768,20.287137359210583,20.30576515197754,2566800,0.0,0.0
2022-03-24 00:00:00-04:00,20.35233916705744,20.65040517203292,20.333709597593092,20.53862953186035,3094400,0.0,0.0
2022-03-25 00:00:00-04:00,20.613147873470783,21.232567788861495,20.613147873470783,21.181337356567383,3268900,0.0,0.0
2022-03-28 00:00:00-04:00,21.199963931478475,21.619118562928172,21.125447434113187,21.52597427368164,3570700,0.0,0.0
2022-03-29 00:00:00-04:00,21.479399237266136,21.61911744049541,21.344339314225408,21.563230514526367,4380200,0.0,0.0
2022-03-30 00:00:00-04:00,21.544599448344496,21.777463696399558,21.40953953469861,21.51665687561035,4118500,0.0,0.0
2022-03-31 00:00:00-04:00,21.488715228417473,21.98704463978998,21.488715228417473,21.6563777923584,4651100,0.0,0.0
2022-04-01 00:00:00-04:00,21.712270222200335,21.889247615265006,21.49803545916167,21.83336067199707,4560100,0.0,0.0
2022-04-04 00:00:00-04:00,21.796091975394464,21.917182372135127,21.553912958526254,21.73089027404785,3590300,0.0,0.0
2022-04-05 00:00:00-04:00,21.786784905155194,22.150054447358222,21.77747011929217,21.963762283325195,6805200,0.0,0.0
2022-04-06 00:00:00-04:00,21.889240503311157,22.354969024658203,21.782123156594935,22.354969024658203,5816200,0.0,0.0
2022-04-07 00:00:00-04:00,22.33634207458165,22.550576793116125,22.108136067286,22.466747283935547,6428100,0.0,0.0
2022-04-08 00:00:00-04:00,22.550573200794357,22.904527857009466,22.35496808284383,22.83001136779785,6982700,0.0,0.0
2022-04-11 00:00:00-04:00,22.839327113246327,22.9604157470867,22.327024673796586,22.354969024658203,5151600,0.0,0.0
2022-04-12 00:00:00-04:00,22.457435193247722,22.783443814207082,22.261828244058368,22.401546478271484,5277000,0.0,0.0
2022-04-13 00:00:00-04:00,22.420174056227932,22.55057749301562,22.03827675425235,22.16868019104004,5349300,0.0,0.0
2022-04-14 00:00:00-04:00,22.196623359986475,22.56920585705238,22.196623359986475,22.382915496826172,4708900,0.0,0.0
2022-04-18 00:00:00-04:00,22.354971706894265,23.165340212979135,22.275798701540175,23.13739585876465,5308600,0.0,0.0
2022-04-19 00:00:00-04:00,23.21191285743196,23.482034514172625,22.79741469907643,23.11876678466797,5429700,0.0,0.0
2022-04-20 00:00:00-04:00,23.45409215498003,24.804704004522076,23.45409215498003,24.460065841674805,8990300,0.0,0.0
2022-04-21 00:00:00-04:00,24.39486445658742,24.543897465793258,23.92913585866578,23.9757080078125,7014700,0.0,0.0
2022-04-22 00:00:00-04:00,23.9850187548422,24.02227788917751,23.565862376636527,23.612436294555664,3623000,0.0,0.0
2022-04-25 00:00:00-04:00,23.565867526112537,23.565867526112537,22.895218951050552,23.295745849609375,5130700,0.0,0.0
2022-04-26 00:00:00-04:00,23.109449893520253,23.67298278290557,23.109449893520253,23.193281173706055,4039600,0.0,0.0
2022-04-27 00:00:00-04:00,23.174654006958008,23.57890643991215,23.06288013953685,23.174654006958008,3608800,0.0,0.0
2022-04-28 00:00:00-04:00,23.398203471777443,23.444775616804968,23.048907054230657,23.407516479492188,5008500,0.0,0.0
2022-04-29 00:00:00-04:00,23.491349805916883,23.738187170558817,23.300401152107238,23.3050594329834,5342300,0.0,0.0
2022-05-02 00:00:00-04:00,23.28643192244901,23.519296241673505,22.522637239650887,22.9976806640625,4692400,0.0,0.0
2022-05-03 00:00:00-04:00,23.072195700815843,23.82201904506252,23.03959484033674,23.51929473876953,4094100,0.0,0.0
2022-05-04 00:00:00-04:00,23.621752296039176,24.287744255407162,23.56586359165468,24.143367767333984,5214600,0.0,0.0
2022-05-05 00:00:00-04:00,24.217883318903738,24.525264074579137,23.53792009826018,23.668323516845703,5171400,0.0,0.0
2022-05-06 00:00:00-04:00,24.217888708431964,25.242492047572984,23.98502439392781,24.795392990112305,9739100,0.0,0.0
2022-05-09 00:00:00-04:00,24.618413437328474,24.618413437328474,22.28045571319249,22.47606086730957,9713400,0.0,0.0
2022-05-10 00:00:00-04:00,22.77412916198843,23.277115124191283,22.233884059156082,22.764814376831055,5004500,0.0,0.0
2022-05-11 00:00:00-04:00,22.904531805999774,23.174653459733825,22.541264080538493,22.62509536743164,7373900,0.0,0.0
2022-05-12 00:00:00-04:00,22.39222738941216,22.531945585690824,21.316393902501243,21.805408477783203,9500800,0.0,0.0
2022-05-13 00:00:00-04:00,22.224563796929594,23.023753689696555,22.187304665482326,22.895212173461914,5521600,0.0,0.0
2022-05-16 00:00:00-04:00,22.848646107720562,23.29574514422391,22.71824088961352,23.28643035888672,6949300,0.0,0.0
2022-05-17 00:00:00-04:00,23.333002584648668,23.547239094871756,23.062880915448435,23.51929473876953,5014500,0.0,0.0
2022-05-18 00:00:00-04:00,23.57517451898721,23.83598310027488,23.379569415481292,23.50065803527832,5070000,0.0,0.0
2022-05-19 00:00:00-04:00,23.537918781334078,24.338970592044138,23.416828376610997,24.29239845275879,7959700,0.0,0.0
2022-05-20 00:00:00-04:00,24.180621171198577,24.646349638532417,23.128075616733874,23.50065803527832,6190200,0.0,0.0
2022-05-23 00:00:00-04:00,23.668326507453234,24.068853374132512,23.41683264559226,23.966392517089844,4484600,0.0,0.0
2022-05-24 00:00:00-04:00,23.76146867254843,24.003647709710354,23.49600356532758,23.733524322509766,4046000,0.0,0.0
2022-05-25 00:00:00-04:00,23.72420863470818,24.371572727991058,23.705580845339167,24.31102752685547,5564900,0.0,0.0
2022-05-26 00:00:00-04:00,24.422808754725168,24.64170177967413,24.143372286946104,24.152687072753906,4707100,0.0,0.0
2022-05-27 00:00:00-04:00,24.19925489568466,24.520608730412196,23.971048902370022,24.506635665893555,5778600,0.0,0.0
2022-05-31 00:00:00-04:00,24.68361727173931,24.85686908876638,24.106112991596124,24.562528610229492,7762900,0.0,0.0
2022-06-01 00:00:00-04:00,24.55321376834121,24.646358072390996,23.53978711117512,24.12474250793457,4618700,0.0,0.0
2022-06-02 00:00:00-04:00,24.180627327149406,24.441435974834246,23.84064567263609,24.199256896972656,3846900,0.0,0.0
2022-06-03 00:00:00-04:00,24.13405197976859,24.45074751832549,24.059535486967746,24.07816505432129,3389000,0.0,0.0
2022-06-06 00:00:00-04:00,24.208572544957075,24.706902007507118,24.05022474904122,24.674301147460938,5238600,0.0,0.0
2022-06-07 00:00:00-04:00,24.581154216554225,25.512611389160156,24.581154216554225,25.512611389160156,6773300,0.0,0.0
2022-06-08 00:00:00-04:00,25.372895350941665,25.438097074373978,24.795392849157977,25.00031280517578,4206400,0.0,0.0
2022-06-09 00:00:00-04:00,24.907166515134254,25.056199532187375,24.3762361698058,24.4041805267334,3390400,0.0,0.0
2022-06-10 00:00:00-04:00,24.003646908022528,24.106105968182433,23.686951391281287,23.696266174316406,3853500,0.0,0.0
2022-06-13 00:00:00-04:00,23.28643190099838,23.323691044814584,21.796099904011733,21.889245986938477,7472000,0.0,0.0
2022-06-14 00:00:00-04:00,21.842666934091515,22.075531179544033,21.078870716652165,21.38625144958496,8304200,0.0,0.0
2022-06-15 00:00:00-04:00,21.628437310066342,22.27114332798575,21.516663431845256,21.889245986938477,9339700,0.0,0.0
2022-06-16 00:00:00-04:00,21.721578675145995,21.721578675145995,20.752864242304835,20.97641372680664,7894600,0.0,0.0
2022-06-17 00:00:00-04:00,20.985731123052936,21.176679775872625,20.34302516472249,20.883270263671875,11501800,0.0,0.0
2022-06-21 00:00:00-04:00,21.575215351908504,21.60338207462285,21.124558532985066,21.378053665161133,5046400,0.177,0.0
2022-06-22 00:00:00-04:00,21.049447084962157,21.483204545793377,20.946170902133016,21.321718215942383,4595100,0.0,0.0
2022-06-23 00:00:00-04:00,21.565826538461664,22.02587226696443,21.443774321002163,21.97892951965332,5669200,0.0,0.0
2022-06-24 00:00:00-04:00,22.08220759834522,22.15731707490757,21.683187049122402,21.960153579711914,11738000,0.0,0.0
2022-06-27 00:00:00-04:00,21.960151781952987,22.584500709750785,21.913209034476157,22.298145294189453,4359500,0.0,0.0
2022-06-28 00:00:00-04:00,22.345085986436132,22.53755409859017,21.650323001325184,21.82870864868164,4875200,0.0,0.0
2022-06-29 00:00:00-04:00,21.800543720476668,21.83340400153959,21.021282301018335,21.4907169342041,4657200,0.0,0.0
2022-06-30 00:00:00-04:00,21.237219868661736,21.927287440709776,21.133943694433164,21.45315933227539,4965100,0.0,0.0
2022-07-01 00:00:00-04:00,21.659713843992307,22.054039010326086,21.49447229321166,21.922597885131836,3340900,0.0,0.0
2022-07-05 00:00:00-04:00,21.565827171059656,21.725435023650697,19.711561736613636,20.335908889770508,5959900,0.0,0.0
2022-07-06 00:00:00-04:00,20.223247532467898,20.60818383934206,20.058944314667162,20.37346649169922,4709800,0.0,0.0
2022-07-07 00:00:00-04:00,20.65512750750284,21.016592453774297,20.631656129849123,20.87106704711914,4068900,0.0,0.0
2022-07-08 00:00:00-04:00,20.852286367621893,20.964951471953174,20.533072451977272,20.730234146118164,3026700,0.0,0.0
2022-07-11 00:00:00-04:00,20.67390345565201,20.969646010686716,20.457963935570774,20.7396240234375,3355300,0.0,0.0
2022-07-12 00:00:00-04:00,20.636345102171,21.265387553528395,20.62695619504615,21.143335342407227,3799800,0.0,0.0
2022-07-13 00:00:00-04:00,20.842896543175847,21.467243617610283,20.80534091635981,21.340496063232422,3551100,0.0,0.0
2022-07-14 00:00:00-04:00,20.842900338690363,21.612772921105297,20.81004005461786,21.528274536132812,5687800,0.0,0.0
2022-07-15 00:00:00-04:00,21.62216273416497,21.659716578639966,20.894537523042118,21.199670791625977,4025100,0.0,0.0
2022-07-18 00:00:00-04:00,21.34988785667506,21.903820891853506,21.284167291611702,21.424997329711914,4135200,0.0,0.0
2022-07-19 00:00:00-04:00,21.744215943284935,22.28406658401394,21.716049215600794,22.185483932495117,3764400,0.0,0.0
2022-07-20 00:00:00-04:00,22.17609396982055,22.27936837658092,21.706659313133628,22.194869995117188,4827100,0.0,0.0
2022-07-21 00:00:00-04:00,22.110369720025204,22.241812630350946,21.673795383436406,21.93198585510254,4230800,0.0,0.0
2022-07-22 00:00:00-04:00,21.97892653195595,22.21364381810734,21.354579481983663,21.593990325927734,3575100,0.0,0.0
2022-07-25 00:00:00-04:00,21.63154798707389,22.063426974677334,21.38744177161288,21.93198585510254,3285000,0.0,0.0
2022-07-26 00:00:00-04:00,21.885042311539443,22.307534201835022,21.744212278357928,22.298145294189453,7887900,0.0,0.0
2022-07-27 00:00:00-04:00,22.34508614810253,22.49530507619979,22.007094455259132,22.373252868652344,2702600,0.0,0.0
2022-07-28 00:00:00-04:00,22.89902218742339,23.349680822892914,22.565724007939018,23.302736282348633,3494700,0.0,0.0
2022-07-29 00:00:00-04:00,23.47173416356492,24.27916239183194,23.40601359442713,24.269773483276367,4894800,0.0,0.0
2022-08-01 00:00:00-04:00,24.12894049673268,24.31671327271347,23.715837524373374,23.809724807739258,3020200,0.0,0.0
2022-08-02 00:00:00-04:00,23.922389993004014,24.185274048913808,23.706450477837645,23.715839385986328,2875000,0.0,0.0
2022-08-03 00:00:00-04:00,23.678278045794777,24.02096505223775,23.575003662555556,23.903606414794922,2604100,0.0,0.0
2022-08-04 00:00:00-04:00,24.035051379724425,24.31671141758316,23.969330823607443,24.053829193115234,3411800,0.0,0.0
2022-08-05 00:00:00-04:00,23.969332460912042,24.157105235394024,22.823910836342787,23.09618377685547,4760700,0.0,0.0
2022-08-08 00:00:00-04:00,23.237014738645414,23.889528603372057,23.058629073584914,23.218236923217773,3798500,0.0,0.0
2022-08-09 00:00:00-04:00,23.10556992004842,23.29334267206695,22.833297012108037,23.274566650390625,3838300,0.0,0.0
2022-08-10 00:00:00-04:00,23.406013502013682,23.67828468604541,23.33559758350053,23.6313419342041,2967900,0.0,0.0
2022-08-11 00:00:00-04:00,23.725222595248606,24.2040460513096,23.682973414103497,23.790943145751953,3323500,0.0,0.0
2022-08-12 00:00:00-04:00,24.053829167672294,24.32610029854763,23.964635449535724,24.29793357849121,2716300,0.0,0.0
2022-08-15 00:00:00-04:00,24.08200072603461,24.40121647820789,23.80034061094117,24.38243865966797,3192700,0.0,0.0
2022-08-16 00:00:00-04:00,24.213441792561984,24.410603499729994,24.11955449787432,24.250995635986328,3706400,0.0,0.0
2022-08-17 00:00:00-04:00,23.93177801747364,24.2322159041334,23.8848352692147,23.96933364868164,3232500,0.0,0.0
2022-08-18 00:00:00-04:00,23.969332730894916,24.52326573474538,23.969332730894916,24.2603816986084,3623700,0.0,0.0
2022-08-19 00:00:00-04:00,24.16649135591311,24.204046980929267,23.60316951592605,23.706445693969727,3863400,0.0,0.0
2022-08-22 00:00:00-04:00,23.37784477285063,23.406011495992093,23.086795796726374,23.218236923217773,3630300,0.0,0.0
2022-08-23 00:00:00-04:00,23.396620580250637,23.42478730097467,22.96473981623652,22.97412872314453,3662100,0.0,0.0
2022-08-24 00:00:00-04:00,22.88024534424476,23.753392278149793,22.88024534424476,23.650117874145508,3435400,0.0,0.0
2022-08-25 00:00:00-04:00,23.744005191212523,24.382434803846934,23.584397340366156,24.08199691772461,4571100,0.0,0.0
2022-08-26 00:00:00-04:00,24.100770710090686,24.13832454421149,23.396618860505743,23.406007766723633,3672000,0.0,0.0
2022-08-29 00:00:00-04:00,23.086796760453133,23.321514090843465,22.908411087946167,23.22762680053711,3433800,0.0,0.0
2022-08-30 00:00:00-04:00,23.237015653352877,23.448261608351764,22.701860427856445,22.701860427856445,4375500,0.0,0.0
2022-08-31 00:00:00-04:00,22.58919260920025,23.283955607188435,22.53755451631753,23.23701286315918,7453900,0.0,0.0
2022-09-01 00:00:00-04:00,23.16190811189956,23.481123850364025,23.082103281907813,23.434179306030273,3535100,0.0,0.0
2022-09-02 00:00:00-04:00,23.640731719596257,23.95994745806072,23.36845873471428,23.434179306030273,2519300,0.0,0.0
2022-09-06 00:00:00-04:00,23.359065943411608,23.471731040335644,22.83329966951836,22.85207748413086,5326800,0.0,0.0
2022-09-07 00:00:00-04:00,22.88024422956153,23.199458124547235,22.80982832006778,23.133737564086914,4030100,0.0,0.0
2022-09-08 00:00:00-04:00,23.143126545416326,23.556229514882148,23.03515679706465,23.377843856811523,2890000,0.0,0.0
2022-09-09 00:00:00-04:00,23.65011404719625,23.89891379530064,23.45295059736294,23.706445693969727,3995500,0.0,0.0
2022-09-12 00:00:00-04:00,23.781559135161448,24.265076248323147,23.692367196940193,24.21343994140625,3347100,0.0,0.0
2022-09-13 00:00:00-04:00,23.847280433046713,24.152413679155785,23.363763305005715,23.45295524597168,3683500,0.0,0.0
2022-09-14 00:00:00-04:00,23.452953489099087,23.819113715150948,23.43417567427571,23.809724807739258,3449800,0.0,0.0
2022-09-15 00:00:00-04:00,23.67828096282831,23.843522503418875,23.55716710626086,23.81911277770996,4091400,0.0,0.0
2022-09-16 00:00:00-04:00,23.772168142842656,23.781557049845468,23.349678072221586,23.762779235839844,8706200,0.0,0.0
2022-09-19 00:00:00-04:00,23.509285140037726,24.23221304807537,23.509285140037726,24.053829193115234,3615200,0.0,0.0
2022-09-20 00:00:00-04:00,23.963046199224056,24.06706947041287,23.39092181509543,23.556411743164062,3129500,0.184,0.0
2022-09-21 00:00:00-04:00,23.669891877395465,23.94413258773649,23.09303817799184,23.11195182800293,2874800,0.0,0.0
2022-09-22 00:00:00-04:00,23.093038201919097,23.130863698275526,22.681676234128865,22.752599716186523,2848900,0.0,0.0
2022-09-23 00:00:00-04:00,22.34596599255113,22.40270694450569,21.844766876220845,22.100095748901367,4406800,0.0,0.0
2022-09-26 00:00:00-04:00,21.854222812253614,22.071724374780512,21.111879189586425,21.248998641967773,3717000,0.0,0.0
2022-09-27 00:00:00-04:00,21.51378200114302,21.575250454755043,20.49246846620398,20.823450088500977,5809600,0.0,0.0
2022-09-28 00:00:00-04:00,21.097692679877433,21.334107888135108,20.927473441339124,21.08823585510254,3833000,0.0,0.0
2022-09-29 00:00:00-04:00,20.813992745133074,20.861275059836316,20.014910082938286,20.218225479125977,7073500,0.0,0.0
2022-09-30 00:00:00-04:00,20.331711496625626,20.454646632974928,19.783228188864864,19.8588809967041,4597700,0.0,0.0
2022-10-03 00:00:00-04:00,20.20877245840619,20.653232393183096,19.89197514669866,20.30333709716797,5198000,0.0,0.0
2022-10-04 00:00:00-04:00,20.511388005518672,21.693464279174805,20.473560698983157,21.693464279174805,4833600,0.0,0.0
2022-10-05 00:00:00-04:00,21.31519930003603,21.88259444360936,21.031499924544192,21.64617919921875,4434400,0.0,0.0
2022-10-06 00:00:00-04:00,21.58943538380456,21.67454499770391,21.187530276605795,21.41921615600586,4290400,0.0,0.0
2022-10-07 00:00:00-04:00,21.286826562720673,21.381393011183906,20.73834332607988,20.776168823242188,3270800,0.0,0.0
2022-10-10 00:00:00-04:00,20.804539524873128,21.159162357683464,20.464101028189603,20.501928329467773,4969200,0.0,0.0
2022-10-11 00:00:00-04:00,20.388447646313008,20.927474048177995,20.213500892166728,20.615406036376953,4973500,0.0,0.0
2022-10-12 00:00:00-04:00,20.605954635705494,20.611627288767746,20.17094962553615,20.274972915649414,4601600,0.0,0.0
2022-10-13 00:00:00-04:00,19.96290191218886,20.761984712787687,19.633810523665787,20.501928329467773,3843400,0.0,0.0
2022-10-14 00:00:00-04:00,20.73834504301456,21.012585782186953,20.166220597817833,20.256057739257812,2511300,0.0,0.0
2022-10-17 00:00:00-04:00,20.757257736918728,21.2679136913992,20.66269128499122,20.832910537719727,3498300,0.0,0.0
2022-10-18 00:00:00-04:00,21.220630060301332,21.40030432382184,21.121334299855334,21.334108352661133,2961700,0.0,0.0
2022-10-19 00:00:00-04:00,21.116606533085807,21.1922593283097,20.60595061625077,20.993671417236328,3410100,0.0,0.0
2022-10-20 00:00:00-04:00,21.02204052316752,21.083508984216767,20.218228429963723,20.350622177124023,4054200,0.0,0.0
2022-10-21 00:00:00-04:00,20.312794009123223,20.585144426671643,19.97235733996635,20.56812286376953,4248900,0.0,0.0
2022-10-24 00:00:00-04:00,20.615402774176097,20.918015716747217,20.28442296835633,20.322248458862305,3992200,0.0,0.0
2022-10-25 00:00:00-04:00,20.350622137476012,21.01258365716804,20.312794837302494,20.795082092285156,4838400,0.0,0.0
2022-10-26 00:00:00-04:00,20.880193547256656,21.003128676204426,20.634321485656006,20.70997428894043,3419400,0.0,0.0
2022-10-27 00:00:00-04:00,20.9180172863821,21.09769153625094,20.700513935759357,20.78562355041504,3738400,0.0,0.0
2022-10-28 00:00:00-04:00,20.899106205976178,21.750200653412172,20.83196328657482,21.731287002563477,4167400,0.0,0.0
2022-10-31 00:00:00-04:00,21.68400677374445,21.96770434905895,21.532701159749358,21.721832275390625,4428700,0.0,0.0
2022-11-01 00:00:00-04:00,21.948785110614473,21.95824193454564,21.471227226171383,21.627262115478516,2978700,0.0,0.0
2022-11-02 00:00:00-04:00,21.58943481975385,22.388517503037637,21.49486838414693,21.627262115478516,4376400,0.0,0.0
2022-11-03 00:00:00-04:00,21.551613357064817,22.38379417784143,21.334109973392625,21.967702865600586,4399000,0.0,0.0
2022-11-04 00:00:00-04:00,21.901505111847168,22.57292525235844,21.21117312517742,21.60835075378418,7181200,0.0,0.0
2022-11-07 00:00:00-05:00,21.702916399623625,22.672218373091592,21.5137835153692,22.535097122192383,5051000,0.0,0.0
2022-11-08 00:00:00-05:00,22.497273409519508,23.026843002191022,22.426348121380066,22.809341430664062,3912900,0.0,0.0
2022-11-09 00:00:00-05:00,22.695861385397663,22.866080634380946,22.204117289158177,22.270313262939453,3345200,0.0,0.0
2022-11-10 00:00:00-05:00,23.06467223069365,23.63206921647479,22.780974639655728,23.25380516052246,3465900,0.0,0.0
2022-11-11 00:00:00-05:00,23.452387945652692,23.546954389728892,22.544554411412925,22.780969619750977,3527600,0.0,0.0
2022-11-14 00:00:00-05:00,22.591840964949274,22.771517061992,21.70292091369629,21.70292091369629,3675500,0.0,0.0
2022-11-15 00:00:00-05:00,22.11901179604493,22.22776260238445,21.40503848357057,21.466506958007812,3885200,0.0,0.0
2022-11-16 00:00:00-05:00,21.27736759153164,21.7596548067176,21.24426960846342,21.589435577392578,3395200,0.0,0.0
2022-11-17 00:00:00-05:00,21.428672976217825,21.655631345339156,21.173344134567035,21.239540100097656,2599100,0.0,0.0
2022-11-18 00:00:00-05:00,21.485412597606388,21.665088653564453,21.400302981821245,21.665088653564453,3763000,0.0,0.0
2022-11-21 00:00:00-05:00,21.61781071579439,21.731289024032392,21.286829009974042,21.636722564697266,2292200,0.0,0.0
2022-11-22 00:00:00-05:00,21.74074611937833,22.204119791778997,21.63672283245188,22.156837463378906,2276600,0.0,0.0
2022-11-23 00:00:00-05:00,22.147380422579012,22.762059704356336,22.137923596249493,22.695863723754883,1865800,0.0,0.0
2022-11-25 00:00:00-05:00,22.648577869496734,23.074124165837738,22.648577869496734,22.771512985229492,1271600,0.0,0.0
2022-11-28 00:00:00-05:00,22.46890201661604,22.601293958455038,22.29111803651654,22.497272491455078,1896900,0.0,0.0
2022-11-29 00:00:00-05:00,22.516184864535617,22.970103454057615,22.26085779982915,22.913362503051758,2631200,0.0,0.0
2022-11-30 00:00:00-05:00,23.04575614876823,23.11667963165134,22.648578512025942,23.0079288482666,7650700,0.0,0.0
2022-12-01 00:00:00-05:00,23.14032058844447,23.47130225009361,22.984287484514347,23.19706153869629,4111800,0.0,0.0
2022-12-02 00:00:00-05:00,22.884992988332044,23.06466724878441,22.65803280007817,22.686403274536133,1941600,0.0,0.0
2022-12-05 00:00:00-05:00,22.48781317356716,22.54455231325036,21.99606915310017,22.166288375854492,2570600,0.0,0.0
2022-12-06 00:00:00-05:00,22.03389839698034,22.459446526329653,21.901506447273903,22.431076049804688,3779300,0.0,0.0
2022-12-07 00:00:00-05:00,22.345966148241164,22.738416285322007,22.23721536179473,22.355422973632812,3313600,0.0,0.0
2022-12-08 00:00:00-05:00,22.3932532518558,22.610754853660396,22.213577152940797,22.308143615722656,2201700,0.0,0.0
2022-12-09 00:00:00-05:00,22.13791894879054,22.70058646948614,22.06226615774151,22.563467025756836,3274300,0.0,0.0
2022-12-12 00:00:00-05:00,22.676947473732618,22.91336269377663,22.535098702447208,22.903905868530273,2360000,0.0,0.0
2022-12-13 00:00:00-05:00,23.244344941686162,23.669893069849437,22.785698826188522,22.970104217529297,5246100,0.0,0.0
2022-12-14 00:00:00-05:00,22.79043256750111,23.201794635490185,22.681681758892754,23.02684783935547,3566400,0.0,0.0
2022-12-15 00:00:00-05:00,22.9228192258429,23.19706174336482,22.72423130932424,23.0079288482666,3407400,0.0,0.0
2022-12-16 00:00:00-05:00,22.77151126750314,22.92281684639381,22.393247320276465,22.762054443359375,5457400,0.0,0.0
2022-12-19 00:00:00-05:00,22.926978106872546,23.151005301032676,22.64575313783826,22.745851516723633,3304100,0.193,0.0
2022-12-20 00:00:00-05:00,22.72679015294165,22.984182925824122,22.660059097368762,22.70772361755371,4042400,0.0,0.0
2022-12-21 00:00:00-05:00,22.879316125950034,23.041378021240234,22.698187697499886,23.041378021240234,4215300,0.0,0.0
2022-12-22 00:00:00-05:00,22.907910704989796,22.907910704989796,22.221530213934834,22.4503231048584,2380400,0.0,0.0
2022-12-23 00:00:00-05:00,22.316863328892115,22.783982423061666,22.278732085635646,22.75538444519043,2249500,0.0,0.0
2022-12-27 00:00:00-05:00,22.707716723920186,22.831647348033886,22.335928488147754,22.58378791809082,2208200,0.0,0.0
2022-12-28 00:00:00-05:00,22.60285555191691,22.726786192054636,22.45032693196631,22.555191040039062,5352700,0.0,0.0
2022-12-29 00:00:00-05:00,22.64098769439187,23.050909025679015,22.51705887758354,22.946044921875,1954800,0.0,0.0
2022-12-30 00:00:00-05:00,22.87931564333305,22.89838217609081,21.777295142262684,22.11667251586914,3424700,0.0,0.0
2023-01-03 00:00:00-05:00,22.1547997620044,22.259663854949267,21.09186529956507,21.23009490966797,3868900,0.0,0.0
2023-01-04 00:00:00-05:00,21.239628658719344,21.780151867291092,20.982235961957805,21.687681198120117,3934000,0.0,0.0
2023-01-05 00:00:00-05:00,21.554220706122663,21.716282584299694,21.211030418622013,21.277761459350586,2319200,0.0,0.0
2023-01-06 00:00:00-05:00,21.430289211996133,21.711514171127572,21.21102956746231,21.45888900756836,3411900,0.0,0.0
2023-01-09 00:00:00-05:00,21.573283876851473,21.81637758588208,21.411222010259188,21.477954864501953,2912000,0.0,0.0
2023-01-10 00:00:00-05:00,21.363561968666325,21.482725077290425,21.153835552070408,21.354028701782227,2873600,0.0,0.0
2023-01-11 00:00:00-05:00,21.354030168515948,21.721052786481852,21.354030168515948,21.67815399169922,2395400,0.0,0.0
2023-01-12 00:00:00-05:00,21.792545495118755,22.016570857750033,21.54945178427744,21.630483627319336,3315700,0.0,0.0
2023-01-13 00:00:00-05:00,21.382627269171284,21.492257104588283,21.101402276306928,21.3349609375,2806900,0.0,0.0
2023-01-17 00:00:00-05:00,21.37309055537153,21.706747550113324,21.106164595921225,21.115697860717773,3593700,0.0,0.0
2023-01-18 00:00:00-05:00,21.07757021959324,21.191965780120416,20.4769871628293,20.49605369567871,3684600,0.0,0.0
2023-01-19 00:00:00-05:00,20.38165440231748,20.524651566970995,20.257725587006846,20.39118766784668,3749800,0.0,0.0
2023-01-20 00:00:00-05:00,20.324459674962142,20.848778447979818,20.305393141044828,20.8297119140625,3420300,0.0,0.0
2023-01-23 00:00:00-05:00,20.762979185466246,21.66861765392338,20.743912653089986,21.449357986450195,2798200,0.0,0.0
2023-01-24 00:00:00-05:00,21.449356050526777,21.821144306884886,21.23962966817069,21.763946533203125,2632500,0.0,0.0
2023-01-25 00:00:00-05:00,21.573284350692028,21.73058049743547,21.30159265930281,21.51608657836914,2231800,0.0,0.0
2023-01-26 00:00:00-05:00,21.54468599661974,21.744879105388474,21.1919624671854,21.7353458404541,2012100,0.0,0.0
2023-01-27 00:00:00-05:00,21.640017566164854,21.840210681765367,21.592351239866332,21.611417770385742,1899800,0.0,0.0
2023-01-30 00:00:00-05:00,21.54468766464614,21.835445903660233,21.27776168067093,21.325428009033203,2132900,0.0,0.0
2023-01-31 00:00:00-05:00,21.39215790161353,21.98797333701053,21.277760537972167,21.983205795288086,2573000,0.0,0.0
2023-02-01 00:00:00-05:00,21.792548732125816,22.37883097729207,21.7687146570363,22.11667251586914,2495800,0.0,0.0
2023-02-02 00:00:00-05:00,22.335931297015037,22.75061836739382,21.954609748489457,22.192935943603516,3012000,0.0,0.0
2023-02-03 00:00:00-05:00,21.90694201111525,21.964141603432807,21.501788232763715,21.81161117553711,5011300,0.0,0.0
2023-02-06 00:00:00-05:00,21.77348251826433,22.021341992891433,21.697218204400965,21.897411346435547,4087200,0.0,0.0
2023-02-07 00:00:00-05:00,21.868813505484834,22.221535277509368,21.59712177196051,22.154804229736328,1930600,0.0,0.0
2023-02-08 00:00:00-05:00,22.0022736169385,22.11667098729393,21.76394742879216,21.79254722595215,1398800,0.0,0.0
2023-02-09 00:00:00-05:00,21.821143471722884,21.926007568029675,21.630483627319336,21.630483627319336,2709200,0.0,0.0
2023-02-10 00:00:00-05:00,21.60188503016729,22.05947086404832,21.563753786486107,21.964141845703125,1872100,0.0,0.0
2023-02-13 00:00:00-05:00,21.954608154492615,22.28349762528881,21.935541623879505,21.97367286682129,1590500,0.0,0.0
2023-02-14 00:00:00-05:00,21.897409996579412,22.374062383413584,21.792547707909392,21.935543060302734,2431500,0.0,0.0
2023-02-15 00:00:00-05:00,21.744877960470767,22.393125395601487,21.744877960470767,22.345460891723633,3412900,0.0,0.0
2023-02-16 00:00:00-05:00,22.08807255983714,22.28826569751767,21.497022776537456,21.75441551208496,4614000,0.0,0.0
2023-02-17 00:00:00-05:00,21.821145468059676,22.154802499146413,21.6781501171038,21.887876510620117,3582100,0.0,0.0
2023-02-21 00:00:00-05:00,21.706748243824634,21.849743583774053,21.39215776862215,21.51608657836914,3216000,0.0,0.0
2023-02-22 00:00:00-05:00,21.430288515018347,21.55421914018298,21.21579460091368,21.373090744018555,3114100,0.0,0.0
2023-02-23 00:00:00-05:00,21.516089031482505,21.75918277356832,21.349261418901733,21.449357986450195,1819900,0.0,0.0
2023-02-24 00:00:00-05:00,21.277763921209825,21.439825818137585,21.134768557634672,21.31589698791504,2340200,0.0,0.0
2023-02-27 00:00:00-05:00,21.544687990527738,21.735347852007198,21.182431162633048,21.211030960083008,2603300,0.0,0.0
2023-02-28 00:00:00-05:00,21.03943339739674,21.35402386010471,20.863072545739747,20.96316909790039,4883500,0.0,0.0
2023-03-01 00:00:00-05:00,21.048970689923447,21.487491859653453,20.55325173919724,20.696247100830078,4455300,0.0,0.0
2023-03-02 00:00:00-05:00,20.64858011171484,20.658113377119122,20.23865879075302,20.29585838317871,5173500,0.0,0.0
2023-03-03 00:00:00-05:00,20.324454056804935,20.58184673868505,20.190991992845284,20.41025161743164,3455700,0.0,0.0
2023-03-06 00:00:00-05:00,21.020369475142875,23.861219074876818,21.020369475142875,23.24156951904297,16329100,0.0,0.0
2023-03-07 00:00:00-05:00,23.78495503476677,26.015688369786243,23.451297997458212,25.272109985351562,14242600,0.0,0.0
2023-03-08 00:00:00-05:00,25.27210935405895,25.915589338427854,24.95275131460476,24.976585388183594,7018500,0.0,0.0
2023-03-09 00:00:00-05:00,25.014719164350545,25.262578644719316,24.480868954940345,24.490402221679688,6133000,0.0,0.0
2023-03-10 00:00:00-05:00,24.68105888728687,24.719191949278002,23.36549915942898,23.375032424926758,5888500,0.0,0.0
2023-03-13 00:00:00-04:00,23.24157096022438,23.8707538209781,22.898382457786045,23.203439712524414,7722300,0.0,0.0
2023-03-14 00:00:00-04:00,23.52756126325146,24.504698257642946,23.403630628869426,24.30927085876465,6022000,0.0,0.0
2023-03-15 00:00:00-04:00,23.608589111980884,23.947013645151358,22.783980806647257,23.270166397094727,6411500,0.0,0.0
2023-03-16 00:00:00-04:00,22.879311800917968,24.299735523697503,22.86977853614013,24.156740188598633,5547100,0.0,0.0
2023-03-17 00:00:00-04:00,23.918419989290552,23.956551239627544,23.089043929614707,23.68009376525879,5046400,0.0,0.0
2023-03-20 00:00:00-04:00,23.927946090698242,24.45226289923605,23.88981303349624,23.927946090698242,4331100,0.0,0.0
2023-03-21 00:00:00-04:00,24.156637920791635,24.67071102800637,23.777089901966203,24.07976722717285,3389300,0.198,0.0
2023-03-22 00:00:00-04:00,23.88759449328961,24.012508699267844,23.272627032207584,23.282236099243164,3333100,0.0,0.0
2023-03-23 00:00:00-04:00,23.37832212199038,23.656979534243987,22.70570217242382,22.974750518798828,3234500,0.0,0.0
2023-03-24 00:00:00-04:00,22.888269232550627,22.90748736302645,22.138780471411522,22.503915786743164,4852300,0.0,0.0
2023-03-27 00:00:00-04:00,22.57117992980111,22.81140108933421,22.215653640027643,22.292524337768555,4108800,0.0,0.0
2023-03-28 00:00:00-04:00,22.26369537330521,22.830617411465234,22.196433747208573,22.427045822143555,2799400,0.0,0.0
2023-03-29 00:00:00-04:00,22.561567778765184,22.825810651574642,22.40302278817621,22.590394973754883,3517400,0.0,0.0
2023-03-30 00:00:00-04:00,22.744139450768557,22.931511661906875,22.561570856412914,22.667268753051758,2154000,0.0,0.0
2023-03-31 00:00:00-04:00,22.72491973938577,23.061229705810547,22.614418233641118,23.061229705810547,2284300,0.0,0.0
2023-04-03 00:00:00-04:00,22.945924078182845,23.157319869002436,22.744139186300846,22.772966384887695,3017900,0.0,0.0
2023-04-04 00:00:00-04:00,22.74413868907808,22.82581300084232,22.28291451822348,22.494308471679688,2587200,0.0,0.0
2023-04-05 00:00:00-04:00,22.446261152148125,23.051617544216665,22.417433959100432,22.984355926513672,2736200,0.0,0.0
2023-04-06 00:00:00-04:00,23.176537685670258,23.344691759947903,22.936316532278223,23.12849235534668,3021900,0.0,0.0
2023-04-10 00:00:00-04:00,22.897881594219143,23.527261712345833,22.869054394355384,23.46480369567871,2735100,0.0,0.0
2023-04-11 00:00:00-04:00,23.58971427008877,23.935633284311425,23.484018218986563,23.724239349365234,2742400,0.0,0.0
2023-04-12 00:00:00-04:00,23.8299409587486,23.90681166509003,23.45807939791678,23.589719772338867,2962600,0.0,0.0
2023-04-13 00:00:00-04:00,23.474411173314568,24.13742206336534,23.368713280377534,23.8587646484375,3680400,0.0,0.0
2023-04-14 00:00:00-04:00,23.733849240080445,23.97887399518338,23.349493951911526,23.532062530517578,3169600,0.0,0.0
2023-04-17 00:00:00-04:00,23.570500997053554,23.570500997053554,23.104471357841735,23.30145263671875,2382100,0.0,0.0
2023-04-18 00:00:00-04:00,23.32067353386877,23.411956926159483,22.993972569286328,23.359107971191406,2834600,0.0,0.0
2023-04-19 00:00:00-04:00,23.205358264915688,23.320665201167767,22.869048352983835,23.31105613708496,3231700,0.0,0.0
2023-04-20 00:00:00-04:00,23.118886722988638,23.301455339850133,22.81620934433406,22.84984016418457,1985800,0.0,0.0
2023-04-21 00:00:00-04:00,22.869053381359898,22.965142210574076,22.54235246167687,22.772966384887695,1809400,0.0,0.0
2023-04-24 00:00:00-04:00,22.859447280839603,22.965143348745805,22.484701011605758,22.72492218017578,4038000,0.0,0.0
2023-04-25 00:00:00-04:00,22.676876186718484,22.787377692184354,22.335762604705327,22.436655044555664,3717100,0.0,0.0
2023-04-26 00:00:00-04:00,22.407829847271508,22.600007511247483,22.0523035514806,22.07151985168457,2636700,0.0,0.0
2023-04-27 00:00:00-04:00,22.14839288842559,22.369397775147,22.052305879037927,22.225263595581055,2603300,0.0,0.0
2023-04-28 00:00:00-04:00,22.234868254129655,23.022793304421544,22.148388496634997,22.926706314086914,3165200,0.0,0.0
2023-05-01 00:00:00-04:00,22.926709538267716,23.176539780303454,22.503919756919384,22.51352882385254,2539600,0.0,0.0
2023-05-02 00:00:00-04:00,22.494309816590516,22.667269349187542,21.783255385824333,22.206045150756836,2937000,0.0,0.0
2023-05-03 00:00:00-04:00,22.484699240965522,22.628831564208895,22.08112763623893,22.109954833984375,1951100,0.0,0.0
2023-05-04 00:00:00-04:00,22.15799877608352,22.302131102223232,21.807276110471502,22.263696670532227,2640200,0.0,0.0
2023-05-05 00:00:00-04:00,22.359783473658087,22.638439034590327,22.292521849734506,22.503915786743164,3008400,0.0,0.0
2023-05-08 00:00:00-04:00,22.532742351877737,22.643243849908632,22.32615203689857,22.465478897094727,2426000,0.0,0.0
2023-05-09 00:00:00-04:00,22.667268381472898,23.690611017155234,22.667268381472898,23.63776206970215,6624300,0.0,0.0
2023-05-10 00:00:00-04:00,24.022111329114225,24.70433841114508,23.868369963227227,24.233505249023438,8049200,0.0,0.0
2023-05-11 00:00:00-04:00,24.0317251768434,24.21909738926634,23.560891921007222,23.676197052001953,3650500,0.0,0.0
2023-05-12 00:00:00-04:00,23.858763902569365,23.88759109958062,23.2582110437323,23.560890197753906,3458700,0.0,0.0
2023-05-15 00:00:00-04:00,23.54167422299767,23.839547955100482,23.455194456783623,23.829938888549805,3242100,0.0,0.0
2023-05-16 00:00:00-04:00,23.78189065323204,23.858761337589385,23.123685303875913,23.397537231445312,2840100,0.0,0.0
2023-05-17 00:00:00-04:00,23.503233276973113,23.647367413792104,23.263012159263695,23.397537231445312,3512200,0.0,0.0
2023-05-18 00:00:00-04:00,23.214973769764313,23.56569645875414,23.0708414340173,23.48402214050293,2611500,0.0,0.0
2023-05-19 00:00:00-04:00,23.714631425168005,23.969265249142843,23.551280975341797,23.551280975341797,2772300,0.0,0.0
2023-05-22 00:00:00-04:00,23.493628414444863,23.897200006207143,23.47441028323193,23.551280975341797,2456000,0.0,0.0
2023-05-23 00:00:00-04:00,23.49362912068897,23.993287718052468,23.435974725317013,23.59932518005371,2062700,0.0,0.0
2023-05-24 00:00:00-04:00,23.532061187786546,23.580106512437133,23.31586180871325,23.445581436157227,2972800,0.0,0.0
2023-05-25 00:00:00-04:00,23.503237846926268,23.647372011770607,22.9170994520113,23.32067108154297,2598300,0.0,0.0
2023-05-26 00:00:00-04:00,23.387931561953128,23.58491283376027,23.138101343339343,23.493629455566406,2569300,0.0,0.0
2023-05-30 00:00:00-04:00,23.570498461836603,23.613738339512043,22.979554688766825,23.013185501098633,2434500,0.0,0.0
2023-05-31 00:00:00-04:00,22.87866444619501,23.142907375061316,22.614421517328708,23.032405853271484,4908400,0.0,0.0
2023-06-01 00:00:00-04:00,23.09966773154428,23.762676816619006,23.05162239967813,23.676197052001953,4772000,0.0,0.0
2023-06-02 00:00:00-04:00,23.724243556148178,24.050944498013127,23.503238684127467,23.753068923950195,3299600,0.0,0.0
2023-06-05 00:00:00-04:00,23.608933556309484,24.012505148414856,23.599324490694848,23.926025390625,2585700,0.0,0.0
2023-06-06 00:00:00-04:00,23.92602669790395,24.012506460418916,23.700220058218836,23.762676239013672,2493800,0.0,0.0
2023-06-07 00:00:00-04:00,23.810724063455382,24.24312108857404,23.681004406097138,24.175859451293945,3010500,0.0,0.0
2023-06-08 00:00:00-04:00,24.175858269399043,24.19507640275159,23.714634065390335,23.849157333374023,2612500,0.0,0.0
2023-06-09 00:00:00-04:00,23.993289668033984,24.079769435378378,23.801113832734725,23.849157333374023,1514200,0.0,0.0
2023-06-12 00:00:00-04:00,23.83954845526552,24.00289892457011,23.633920291541397,23.73385238647461,1771300,0.0,0.0
2023-06-13 00:00:00-04:00,23.733849576557883,24.03652689608051,23.637760753153394,23.926025390625,3407900,0.0,0.0
2023-06-14 00:00:00-04:00,23.94524026355251,24.14702511577678,23.775163674074218,23.839542388916016,5449200,0.0,0.0
2023-06-15 00:00:00-04:00,23.868379075725578,24.406474061764627,23.839551871337964,24.33921241760254,5900600,0.0,0.0
2023-06-16 00:00:00-04:00,24.41607719903325,24.46412069526678,24.01250559934915,24.07976722717285,6532000,0.0,0.0
2023-06-20 00:00:00-04:00,24.170834421592758,24.369432379942257,23.94801571278926,24.190208435058594,4547900,0.204,0.0
2023-06-21 00:00:00-04:00,24.093331228076792,24.456620287411113,23.928640113933888,24.364585876464844,3948400,0.0,0.0
2023-06-22 00:00:00-04:00,24.47115307907056,24.524435774049053,24.151458756983455,24.509902954101562,2493100,0.0,0.0
2023-06-23 00:00:00-04:00,24.538965610455588,24.732720519994412,24.132081778651063,24.31614875793457,7426300,0.0,0.0
2023-06-26 00:00:00-04:00,24.684279983566405,25.260699802493555,24.645530111718426,24.800533294677734,5450900,0.0,0.0
2023-06-27 00:00:00-04:00,24.88772451657245,25.32367030551356,24.761783266947997,24.984601974487305,4740600,0.0,0.0
2023-06-28 00:00:00-04:00,24.965225338630642,25.00882010095031,24.761782498544274,24.92647361755371,1866700,0.0,0.0
2023-06-29 00:00:00-04:00,24.926474886252674,25.313982877826422,24.839285357175598,25.226795196533203,1686900,0.0,0.0
2023-06-30 00:00:00-04:00,25.28491775411309,25.57070520842459,25.15413347694169,25.430233001708984,2301700,0.0,0.0
2023-07-03 00:00:00-04:00,25.343047893237404,25.60461649309264,25.27523422241211,25.27523422241211,1222300,0.0,0.0
2023-07-05 00:00:00-04:00,25.10085287689537,26.103530570855117,25.071789085844443,26.00181007385254,3070100,0.0,0.0
2023-07-06 00:00:00-04:00,25.769303494451897,26.108373641967773,25.696644945775763,26.108373641967773,3374500,0.0,0.0
2023-07-07 00:00:00-04:00,25.895246179560495,26.22462843931099,25.808056649168662,25.86618423461914,2043700,0.0,0.0
2023-07-10 00:00:00-04:00,25.866181240906204,25.972744772997473,25.51742315970362,25.63367462158203,1651600,0.0,0.0
2023-07-11 00:00:00-04:00,25.61430138565458,25.691802978515625,25.439922339771307,25.691802978515625,1917500,0.0,0.0
2023-07-12 00:00:00-04:00,25.788683343329573,26.089001818602004,25.740243687457287,25.9243106842041,1991100,0.0,0.0
2023-07-13 00:00:00-04:00,25.740238622094555,25.96305545190765,25.72086276355857,25.875865936279297,1712200,0.0,0.0
2023-07-14 00:00:00-04:00,25.846805857456594,25.846805857456594,25.47867190989831,25.517423629760742,1288700,0.0,0.0
2023-07-17 00:00:00-04:00,25.38179561044042,25.498047071275437,25.24132340146309,25.313980102539062,2146700,0.0,0.0
2023-07-18 00:00:00-04:00,25.362420753760897,25.943683624267578,25.34788978252794,25.943683624267578,2468300,0.0,0.0
2023-07-19 00:00:00-04:00,25.98243383295624,26.554008780774275,25.90493223907161,26.47650718688965,3692300,0.0,0.0
2023-07-20 00:00:00-04:00,26.45713120807135,26.6508861158077,26.360253754203175,26.5152587890625,1512600,0.0,0.0
2023-07-21 00:00:00-04:00,26.689634761593787,27.629343618791882,26.515257569988783,27.474340438842773,4584000,0.0,0.0
2023-07-24 00:00:00-04:00,27.474343481362176,27.590594955305914,27.232150754898218,27.416215896606445,1939700,0.0,0.0
2023-07-25 00:00:00-04:00,27.54215794201254,27.63903540494381,27.198244704001247,27.222463607788086,2748800,0.0,0.0
2023-07-26 00:00:00-04:00,27.319336581651978,27.653561833672423,27.203083275680218,27.522777557373047,2838700,0.0,0.0
2023-07-27 00:00:00-04:00,27.484032203367345,27.619659542800775,27.193399814573528,27.222463607788086,2048800,0.0,0.0
2023-07-28 00:00:00-04:00,27.29995984361474,27.464650943897794,26.71869702804023,26.854324340820312,1875000,0.0,0.0
2023-07-31 00:00:00-04:00,27.125584363438698,27.663252492002265,26.975424213367496,27.1837100982666,2792900,0.0,0.0
2023-08-01 00:00:00-04:00,27.09652359225167,27.484033461718827,26.883394642271934,27.01902198791504,2377800,0.0,0.0
2023-08-02 00:00:00-04:00,26.786510215478714,27.193393994479198,26.681883169196706,27.11589241027832,1935100,0.0,0.0
2023-08-03 00:00:00-04:00,27.096521050480412,27.42590329995961,26.834954315245376,27.067459106445312,4245100,0.0,0.0
2023-08-04 00:00:00-04:00,27.13527059340637,27.949038221136412,27.02870521308011,27.648719787597656,4728100,0.0,0.0
2023-08-07 00:00:00-04:00,27.774660498076436,28.094354806445324,27.69715890355621,27.80372428894043,3243200,0.0,0.0
2023-08-08 00:00:00-04:00,27.668092750778456,27.97809910239535,27.50340164550903,27.919973373413086,4245500,0.0,0.0
2023-08-09 00:00:00-04:00,28.617493097861693,29.80908085410374,28.27842291537927,29.363445281982422,7461000,0.0,0.0
2023-08-10 00:00:00-04:00,29.489384215073944,30.017364384755446,29.489384215073944,29.731576919555664,5922500,0.0,0.0
2023-08-11 00:00:00-04:00,29.66376283995298,29.88657968146836,29.130937788931032,29.19875144958496,4828700,0.0,0.0
2023-08-14 00:00:00-04:00,29.101874263142015,29.39250474949003,28.985620959932668,29.37312889099121,4458700,0.0,0.0
2023-08-15 00:00:00-04:00,29.092190409305243,29.373133005760014,29.04859564546766,29.295631408691406,3258400,0.0,0.0
2023-08-16 00:00:00-04:00,29.334378483885335,29.47969372439476,29.077652982942364,29.130935668945312,3004500,0.0,0.0
2023-08-17 00:00:00-04:00,29.063125216831715,29.494227945235984,28.549676006132206,28.782180786132812,3470700,0.0,0.0
2023-08-18 00:00:00-04:00,28.67562100520339,29.150318557505354,28.646557210978543,28.927501678466797,3267500,0.0,0.0
2023-08-21 00:00:00-04:00,29.01468780678115,29.082501470893234,28.811244966661132,29.063125610351562,3002900,0.0,0.0
2023-08-22 00:00:00-04:00,28.966246530358653,28.975934460085973,28.559362720729432,28.733741760253906,3676900,0.0,0.0
2023-08-23 00:00:00-04:00,28.975932532140504,29.392504243779992,28.93718266359314,29.382816314697266,5043400,0.0,0.0
2023-08-24 00:00:00-04:00,29.479696859424344,29.518446732048744,28.956559720616955,29.072813034057617,3957900,0.0,0.0
2023-08-25 00:00:00-04:00,29.179378509521484,29.421571219485767,29.092188986111644,29.179378509521484,2932600,0.0,0.0
2023-08-28 00:00:00-04:00,29.189066536112378,29.334383649997303,28.90812393468817,29.0340633392334,2761600,0.0,0.0
2023-08-29 00:00:00-04:00,29.130938688572954,29.503915681471753,29.05828198467863,29.470008850097656,4530600,0.0,0.0
2023-08-30 00:00:00-04:00,29.44094227999525,30.370963153854696,29.411880340295102,30.351587295532227,4426500,0.0,0.0
2023-08-31 00:00:00-04:00,30.390336315162745,30.690654701374818,30.337053633396348,30.43877410888672,5297400,0.0,0.0
2023-09-01 00:00:00-04:00,30.62284690495418,30.990979011865814,30.60347104464732,30.797225952148438,3880300,0.0,0.0
2023-09-05 00:00:00-04:00,31.58192962716656,32.017877268041666,30.97644966694822,31.48505401611328,9795600,0.0,0.0
2023-09-06 00:00:00-04:00,31.233172711319927,32.10990911658482,31.233172711319927,31.785371780395508,6026800,0.0,0.0
2023-09-07 00:00:00-04:00,31.988808779787846,32.54100778007533,31.640050738434294,32.327877044677734,6964700,0.0,0.0
2023-09-08 00:00:00-04:00,32.28913185045182,33.098054564294074,32.28913185045182,32.996334075927734,7431600,0.0,0.0
2023-09-11 00:00:00-04:00,33.00602383398591,33.21430972257383,32.61851400084683,32.63788986206055,5262900,0.0,0.0
2023-09-12 00:00:00-04:00,32.75414075339784,33.12227098169736,32.531323921879554,32.64757537841797,6221300,0.0,0.0
2023-09-13 00:00:00-04:00,32.26007702874347,32.67664889916908,31.916163730242037,32.14382553100586,6629500,0.0,0.0
2023-09-14 00:00:00-04:00,32.41507214303941,32.49257558584184,31.90646965802677,32.0081901550293,6554100,0.0,0.0
2023-09-15 00:00:00-04:00,32.10506477263724,32.192254295316715,31.765996459754536,31.882247924804688,53404100,0.0,0.0
2023-09-18 00:00:00-04:00,31.86287658901809,32.55070309028547,31.86287658901809,32.44414138793945,6597400,0.0,0.0
2023-09-19 00:00:00-04:00,32.615693830081945,32.92761888560144,32.28427299378749,32.31351852416992,4450500,0.206,0.0
2023-09-20 00:00:00-04:00,32.44023372656342,32.50846709628032,31.445971272694596,31.523954391479492,4081900,0.0,0.0
2023-09-21 00:00:00-04:00,31.91386214957286,32.81552056822303,31.91386214957286,32.6059455871582,5137900,0.0,0.0
2023-09-22 00:00:00-04:00,32.459731419100585,32.68880219598057,32.28427310993464,32.381752014160156,3962300,0.0,0.0
2023-09-25 00:00:00-04:00,32.20629176116675,32.98610435570498,32.191670856025375,32.810646057128906,3411700,0.0,0.0
2023-09-26 00:00:00-04:00,32.74241703511456,32.849641978308576,32.07957531213365,32.15755844116211,4370800,0.0,0.0
2023-09-27 00:00:00-04:00,32.16730012165358,32.718041951764796,32.0308333827545,32.479225158691406,5572400,0.0,0.0
2023-09-28 00:00:00-04:00,32.56695289066209,33.08357801356842,32.39149460015813,32.586448669433594,4491800,0.0,0.0
2023-09-29 00:00:00-04:00,32.8788868555821,32.98611180876555,32.001598882922316,32.34276580810547,4839700,0.0,0.0
2023-10-02 00:00:00-04:00,32.53771574190239,32.88863237316995,31.1437989668341,31.70916175842285,4982200,0.0,0.0
2023-10-03 00:00:00-04:00,31.523958165371596,31.860253898121528,30.578435047549988,31.192537307739258,6436500,0.0,0.0
2023-10-04 00:00:00-04:00,31.37773777871923,31.494712456433344,30.373729298198135,30.597925186157227,6521100,0.0,0.0
2023-10-05 00:00:00-04:00,30.597925188274523,31.246145916502694,30.54918759844348,31.026823043823242,4402300,0.0,0.0
2023-10-06 00:00:00-04:00,30.929346866239943,31.11455305935118,30.427342611965198,30.744142532348633,4792100,0.0,0.0
2023-10-09 00:00:00-04:00,30.77338650509768,31.294886576169276,30.77338650509768,31.046321868896484,3306800,0.0,0.0
2023-10-10 00:00:00-04:00,31.11455210648546,31.382612568251513,31.041443862722048,31.290008544921875,5909500,0.0,0.0
2023-10-11 00:00:00-04:00,31.290008196623543,31.982095348981627,31.143795429164,31.943103790283203,6961700,0.0,0.0
2023-10-12 00:00:00-04:00,31.962602187335413,32.18679809055321,30.617423049588634,30.997581481933594,3725700,0.0,0.0
2023-10-13 00:00:00-04:00,31.12430466740152,31.290013240924353,30.60767758668042,30.84162139892578,2954600,0.0,0.0
2023-10-16 00:00:00-04:00,31.173036912773988,31.640924456940017,31.036570177197188,31.475215911865234,3368500,0.0,0.0
2023-10-17 00:00:00-04:00,31.16329699185077,31.96747856541666,31.16329699185077,31.748157501220703,3255600,0.0,0.0
2023-10-18 00:00:00-04:00,31.66042559501602,31.831009043360446,31.445975706560006,31.601938247680664,3175400,0.0,0.0
2023-10-19 00:00:00-04:00,31.47521721224901,32.011338146353026,31.285138005779768,31.299758911132812,3717400,0.0,0.0
2023-10-20 00:00:00-04:00,31.377735777708725,31.57268984302662,30.9390919195731,31.124298095703125,3267500,0.0,0.0
2023-10-23 00:00:00-04:00,30.88061365391605,31.32413063059159,30.63692194497949,31.08531379699707,2998100,0.0,0.0
2023-10-24 00:00:00-04:00,31.426476651771704,32.006460247126064,31.426476651771704,31.874868392944336,2668400,0.0,0.0
2023-10-25 00:00:00-04:00,32.06007718449539,32.20629368150704,31.709160566419406,31.952852249145508,2652500,0.0,0.0
2023-10-26 00:00:00-04:00,32.32326575605637,32.59619926016465,31.845628405426766,32.069828033447266,2926000,0.0,0.0
2023-10-27 00:00:00-04:00,31.85537628878121,31.943105441166832,31.114553368202582,31.2120304107666,3259100,0.0,0.0
2023-10-30 00:00:00-04:00,31.358240445952934,31.865119535622878,31.358240445952934,31.757898330688477,2499500,0.0,0.0
2023-10-31 00:00:00-04:00,31.933358878879723,31.996721100973144,31.523958605846516,31.894371032714844,2819600,0.0,0.0
2023-11-01 00:00:00-04:00,32.05033290070954,33.24442072379406,31.845629050044614,33.07383728027344,3786500,0.0,0.0
2023-11-02 00:00:00-04:00,33.1420659964642,34.15582420172274,33.06408287985677,33.7854118347168,3556500,0.0,0.0
2023-11-03 00:00:00-04:00,33.980365477976285,34.41413633290922,33.873140553217205,34.107086181640625,3980900,0.0,0.0
2023-11-06 00:00:00-05:00,34.26304878789192,34.62371140252373,33.990111600913586,34.438507080078125,5641400,0.0,0.0
2023-11-07 00:00:00-05:00,34.45800076499699,35.578983938093664,32.98610470942498,33.87314224243164,6032500,0.0,0.0
2023-11-08 00:00:00-05:00,34.20456617876314,34.64321196985816,33.72205766777868,33.795162200927734,4593400,0.0,0.0
2023-11-09 00:00:00-05:00,33.78541769912198,34.15583013042337,33.64895093981102,33.68794250488281,2870800,0.0,0.0
2023-11-10 00:00:00-05:00,33.9803672152425,34.22405888635762,33.55146749427841,33.609954833984375,2719000,0.0,0.0
2023-11-13 00:00:00-05:00,33.60995419215949,33.765916709957274,33.37113740019033,33.53197479248047,2692200,0.0,0.0
2023-11-14 00:00:00-05:00,34.01936231006826,34.40926679330434,33.975495871120586,34.3312873840332,4171400,0.0,0.0
2023-11-15 00:00:00-05:00,34.18506831265693,34.40926421033722,33.77566807822507,33.824405670166016,4098700,0.0,0.0
2023-11-16 00:00:00-05:00,34.11683338854798,34.419012394342,33.439370851593424,33.86339569091797,4827800,0.0,0.0
2023-11-17 00:00:00-05:00,33.77566185895302,34.087586852066764,33.76591211129615,33.98036193847656,2903000,0.0,0.0
2023-11-20 00:00:00-05:00,33.9803714090513,34.18507154562624,33.78541730441029,33.814659118652344,3877700,0.0,0.0
2023-11-21 00:00:00-05:00,33.82440915318722,34.04860507395377,33.60508438920842,33.61970901489258,5000200,0.0,0.0
2023-11-22 00:00:00-05:00,33.67819155014161,33.94137902730477,33.38576225944039,33.93163299560547,2980400,0.0,0.0
2023-11-24 00:00:00-05:00,33.75616608207851,34.146070464251075,33.736670305203994,33.98036193847656,1190500,0.0,0.0
2023-11-27 00:00:00-05:00,34.00960575161858,34.78941828042296,33.82440143803987,34.74068069458008,3560600,0.0,0.0
2023-11-28 00:00:00-05:00,34.643212457998146,34.74068764919712,34.26305400650588,34.3312873840332,2591000,0.0,0.0
2023-11-29 00:00:00-05:00,34.6139652155637,34.93564002381827,33.99986484816136,34.03885269165039,4312900,0.0,0.0
2023-11-30 00:00:00-05:00,34.077845149149944,34.63833678167967,34.009611773200945,34.5164909362793,6258000,0.0,0.0
2023-12-01 00:00:00-05:00,34.51649398243246,35.364540100097656,34.51649398243246,35.364540100097656,4204200,0.0,0.0
2023-12-04 00:00:00-05:00,35.130595786876604,36.2223335437651,35.0818581913659,36.18334197998047,5748300,0.0,0.0
2023-12-05 00:00:00-05:00,36.19309053261618,36.466024033197634,35.793436313147595,36.427032470703125,4136000,0.0,0.0
2023-12-06 00:00:00-05:00,36.46602768088883,36.768206742788124,35.301181593536384,35.364540100097656,4382000,0.0,0.0
2023-12-07 00:00:00-05:00,35.335294921167026,36.261324083478726,35.257311795800106,36.232078552246094,3413400,0.0,0.0
2023-12-08 00:00:00-05:00,36.16384866107294,36.257426933153255,35.52537756398643,36.027381896972656,3606000,0.0,0.0
2023-12-11 00:00:00-05:00,36.06636900719921,36.124856349633056,35.554614986612954,35.949398040771484,3211600,0.0,0.0
2023-12-12 00:00:00-05:00,35.92989714747786,36.651222342657746,35.881159561604534,36.388038635253906,4330700,0.0,0.0
2023-12-13 00:00:00-05:00,36.44652847075194,37.22146997661234,36.36854906373485,37.15810775756836,4128100,0.0,0.0
2023-12-14 00:00:00-05:00,37.35306469920408,37.37256048205403,36.44653124810381,36.544010162353516,3702700,0.0,0.0
2023-12-15 00:00:00-05:00,36.553751594772244,36.953405796804155,36.44652666181053,36.729209899902344,14998800,0.0,0.0
2023-12-18 00:00:00-05:00,36.72921434352254,37.09962677899311,36.514764451654266,36.807193756103516,4450600,0.0,0.0
2023-12-19 00:00:00-05:00,36.966982507365536,37.231663028220815,36.64348658600994,36.97678756713867,3445300,0.213,0.0
2023-12-20 00:00:00-05:00,36.790524379570186,37.35909811257505,36.741510305233184,36.86894989013672,3122900,0.0,0.0
2023-12-21 00:00:00-05:00,37.02579614975501,37.24146255832601,36.83463864744309,37.04540252685547,2076800,0.0,0.0
2023-12-22 00:00:00-05:00,37.15323948847234,37.40811493748593,37.04540627328159,37.2708740234375,1609900,0.0,0.0
2023-12-26 00:00:00-05:00,37.21205385719727,37.65809055505526,37.13363208256717,37.44732666015625,1454200,0.0,0.0
2023-12-27 00:00:00-05:00,37.398307767292955,37.83453934993388,37.34928995748569,37.623775482177734,1984300,0.0,0.0
2023-12-28 00:00:00-05:00,37.466930754462446,38.07471349404499,37.466930754462446,38.05510711669922,2040400,0.0,0.0
2023-12-29 00:00:00-05:00,37.99628588176326,38.13353051558789,37.58456319889107,37.761016845703125,2312400,0.0,0.0
2024-01-02 00:00:00-05:00,37.5355516678326,37.83944117160065,37.06500982433942,37.31988525390625,2722300,0.0,0.0
2024-01-03 00:00:00-05:00,37.28067315149842,37.574765080923456,37.02579771746885,37.42771911621094,2941800,0.0,0.0
2024-01-04 00:00:00-05:00,37.56496513312486,37.976691646617176,37.4473305890705,37.64339065551758,3312200,0.0,0.0
2024-01-05 00:00:00-05:00,37.82963943481445,38.26587104759597,37.672792155382155,37.82963943481445,2625500,0.0,0.0
2024-01-08 00:00:00-05:00,37.89825551817781,38.417811370257304,37.74140825682172,38.368797302246094,3977600,0.0,0.0
2024-01-09 00:00:00-05:00,38.23156146957285,38.98148765391977,37.66298773479254,38.8099365234375,3582200,0.0,0.0
2024-01-10 00:00:00-05:00,38.89815687790881,38.89815687790881,37.628671244604476,37.70219421386719,2686600,0.0,0.0
2024-01-11 00:00:00-05:00,37.70220076486406,38.31978857863364,37.32969080439853,38.104122161865234,3466500,0.0,0.0
2024-01-12 00:00:00-05:00,38.35899684312147,38.60896971743439,38.30998277401308,38.44722366333008,1978100,0.0,0.0
2024-01-16 00:00:00-05:00,38.182537578847835,38.92756104234963,38.182537578847835,38.54524612426758,2887800,0.0,0.0
2024-01-17 00:00:00-05:00,38.368804168317226,39.206957221757044,38.309988771992266,38.9373779296875,2752000,0.0,0.0
2024-01-18 00:00:00-05:00,38.88836316440086,39.17755259731321,38.312931051878564,38.633487701416016,3238000,0.0,0.0
2024-01-19 00:00:00-05:00,38.78053178385237,39.378509521484375,38.68249988786268,39.378509521484375,2639900,0.0,0.0
2024-01-22 00:00:00-05:00,39.45692730200796,39.692200066719124,39.14813530413743,39.18244552612305,2799000,0.0,0.0
2024-01-23 00:00:00-05:00,39.270672966549064,39.51084452424689,38.74131204222692,39.0648078918457,2988200,0.0,0.0
2024-01-24 00:00:00-05:00,39.33929959589965,39.36870729425151,38.36390188583993,38.45703125,1918400,0.0,0.0
2024-01-25 00:00:00-05:00,38.95697776895668,39.751015402330616,38.907959960868254,39.63338088989258,2193500,0.0,0.0
2024-01-26 00:00:00-05:00,39.68730434860893,40.05491553562527,39.51575320924152,39.97649002075195,1739500,0.0,0.0
2024-01-29 00:00:00-05:00,39.986286177205706,39.99608749461549,39.74121210709221,39.76081848144531,1941300,0.0,0.0
2024-01-30 00:00:00-05:00,39.917672075521835,40.44702930898155,39.770626114289946,40.41762161254883,2420300,0.0,0.0
2024-01-31 00:00:00-05:00,40.5352559911459,40.83914923147631,39.97158853404281,40.221561431884766,2626500,0.0,0.0
2024-02-01 00:00:00-05:00,40.221555393891585,42.559564128743105,40.21175407643221,42.407615661621094,5523800,0.0,0.0
2024-02-02 00:00:00-05:00,42.2507688718232,44.074120581141706,41.8782589717189,43.67219924926758,6605400,0.0,0.0
2024-02-05 00:00:00-05:00,43.172252677724245,43.28008587586405,42.06451674165234,42.495845794677734,4184700,0.0,0.0
2024-02-06 00:00:00-05:00,42.44682841052572,43.01049952254556,42.093921149451255,42.407615661621094,5362400,0.0,0.0
2024-02-07 00:00:00-05:00,42.57427026624001,43.18205294884102,42.437029377220476,42.89776611328125,2696200,0.0,0.0
2024-02-08 00:00:00-05:00,42.74091864470252,42.961487563459826,41.77042736867832,42.05471420288086,3702000,0.0,0.0
2024-02-09 00:00:00-05:00,41.976290609671494,42.63798991696002,41.946882914980335,42.378211975097656,2610700,0.0,0.0
2024-02-12 00:00:00-05:00,42.358600328543695,42.61347944926813,41.393007917960965,41.96648406982422,4260900,0.0,0.0
2024-02-13 00:00:00-05:00,41.7214160672523,43.348707939214485,41.50574966292697,43.3291015625,4587900,0.0,0.0
2024-02-14 00:00:00-05:00,43.652595745301056,44.11333623148069,43.12323855256901,43.39772033691406,3128600,0.0,0.0
2024-02-15 00:00:00-05:00,43.49574850775644,44.55447037303271,43.378113991459244,44.49565124511719,3776000,0.0,0.0
2024-02-16 00:00:00-05:00,44.29960029745173,45.39753513952777,44.29960029745173,44.68191909790039,4619600,0.0,0.0
2024-02-20 00:00:00-05:00,44.76033380958824,45.98570431876393,44.62309291088601,45.24068069458008,4732900,0.0,0.0
2024-02-21 00:00:00-05:00,45.27009201049805,46.41703710383388,44.89757829884837,45.27009201049805,4256800,0.0,0.0
2024-02-22 00:00:00-05:00,45.27009134642373,47.142457457134014,45.27009134642373,46.68171691894531,6149400,0.0,0.0
2024-02-23 00:00:00-05:00,46.828763491937366,47.80905997598998,46.652309825645155,47.66201400756836,5202200,0.0,0.0
2024-02-26 00:00:00-05:00,48.01491166689099,48.57368025106664,47.573777590032954,47.78944396972656,4644300,0.0,0.0
2024-02-27 00:00:00-05:00,47.671814616871174,50.17156966997187,47.26989324550623,49.97550964355469,8679600,0.0,0.0
2024-02-28 00:00:00-05:00,49.11285489723959,52.05374450161405,48.75995128592365,51.97532272338867,8231400,0.0,0.0
2024-02-29 00:00:00-05:00,52.13215894636224,54.87698791286239,51.975311683691764,53.465362548828125,10144700,0.0,0.0
2024-03-01 00:00:00-05:00,53.32812694377808,53.612410064598166,52.36743315778578,53.42615509033203,7128400,0.0,0.0
2024-03-04 00:00:00-05:00,54.19079358770272,56.612127329892054,54.19079358770272,55.867103576660156,7083500,0.0,0.0
2024-03-05 00:00:00-05:00,55.798474740975195,58.572715618817874,55.798474740975195,57.72966003417969,8054100,0.0,0.0
2024-03-06 00:00:00-05:00,58.10216993843282,60.15098962966172,58.10216993843282,59.70005416870117,8495100,0.0,0.0
2024-03-07 00:00:00-05:00,60.00394680392784,60.59212693722284,59.38636271233941,60.46468734741211,5436300,0.0,0.0
2024-03-08 00:00:00-05:00,60.49408908345477,60.89601045213927,56.5140881495384,59.29813003540039,8957500,0.0,0.0
2024-03-11 00:00:00-04:00,59.053063610602344,59.30793905868253,56.36704951858257,56.906211853027344,8162400,0.0,0.0
2024-03-12 00:00:00-04:00,57.357140240873974,59.03344991295773,56.857190726433046,59.01384353637695,5732900,0.0,0.0
2024-03-13 00:00:00-04:00,59.435369660281694,60.484286471726556,58.74916145683726,59.954925537109375,5365800,0.0,0.0
2024-03-14 00:00:00-04:00,60.20980140629879,61.97433786849404,60.1803937117735,61.86650466918945,6297700,0.0,0.0
2024-03-15 00:00:00-04:00,61.641040704490415,61.92532382778565,59.53634489277536,60.347049713134766,8450700,0.0,0.0
2024-03-18 00:00:00-04:00,60.72936831224646,61.788086577042705,59.66084498840955,61.248924255371094,5771900,0.0,0.0
2024-03-19 00:00:00-04:00,61.48007916934488,63.68352310540431,61.107262378224775,62.64082336425781,5980100,0.215,0.0
2024-03-20 00:00:00-04:00,62.955612125468164,65.78861196935246,62.89658988821965,65.66073608398438,7788500,0.0,0.0
2024-03-21 00:00:00-04:00,66.74278442527176,68.12485565229099,66.26569832489159,67.25430297851562,6271500,0.0,0.0
2024-03-22 00:00:00-04:00,67.37233993735776,68.13961026220197,65.35579748191485,67.9625473022461,5790500,0.0,0.0
2024-03-25 00:00:00-04:00,68.36585353962131,71.18902170409812,67.1067426176601,70.0381088256836,8282300,0.0,0.0
2024-03-26 00:00:00-04:00,70.02827089197483,71.8579186252804,66.72801698179684,66.78211975097656,7808400,0.0,0.0
2024-03-27 00:00:00-04:00,67.87402172288476,68.2478179813359,66.31488748679419,67.1854476928711,5728400,0.0,0.0
2024-03-28 00:00:00-04:00,67.05756067031115,68.69539113691017,66.68376443208219,68.51341247558594,3826400,0.0,0.0
2024-04-01 00:00:00-04:00,68.85770053692679,71.87760224599339,68.32651166076894,70.36273193359375,5401100,0.0,0.0
2024-04-02 00:00:00-04:00,68.61177435371845,70.11680562263003,68.08058552265088,69.98892974853516,5143400,0.0,0.0
2024-04-03 00:00:00-04:00,70.08729326239458,73.10719458066275,69.89056000256252,72.55633544921875,7145100,0.0,0.0
2024-04-04 00:00:00-04:00,73.34326521810145,74.65156296796319,69.22164624247925,69.38887023925781,5664400,0.0,0.0
2024-04-05 00:00:00-04:00,69.30034599244755,74.4056544448431,68.7691646839502,74.10071563720703,6099700,0.0,0.0
2024-04-08 00:00:00-04:00,73.73675525136836,74.0810422329562,70.73653154908204,73.20556640625,5816600,0.0,0.0
2024-04-09 00:00:00-04:00,73.67774260762616,74.36631662535687,67.38217978378297,68.39537048339844,8450300,0.0,0.0
2024-04-10 00:00:00-04:00,67.4608676662658,70.13648209471052,66.49685665708766,69.60529327392578,6583900,0.0,0.0
2024-04-11 00:00:00-04:00,69.86105447313214,70.96769612333203,68.99541748407096,70.82506561279297,4234800,0.0,0.0
2024-04-12 00:00:00-04:00,70.59882401479902,71.18903896939311,67.73631450655529,68.6019515991211,4264900,0.0,0.0
2024-04-15 00:00:00-04:00,69.67415178129005,71.29722750882792,67.08706502915798,67.10674285888672,4413100,0.0,0.0
2024-04-16 00:00:00-04:00,67.25429551951025,67.48053802363111,64.60819032900571,66.49685668945312,6553600,0.0,0.0
2024-04-17 00:00:00-04:00,67.50022250833631,68.36094376060609,66.16241516155978,67.52973175048828,4546400,0.0,0.0
2024-04-18 00:00:00-04:00,67.8641815701729,68.1592890090266,63.850766932105124,64.804931640625,7846100,0.0,0.0
2024-04-19 00:00:00-04:00,64.52949787784037,66.08371627990708,63.21136841360968,64.5885238647461,7598100,0.0,0.0
2024-04-22 00:00:00-04:00,65.05084964521473,66.89525230891624,64.25407009606164,65.6312255859375,4505800,0.0,0.0
2024-04-23 00:00:00-04:00,66.2804461875346,68.021566367331,65.51317594080113,67.3329849243164,4165500,0.0,0.0
2024-04-24 00:00:00-04:00,68.8576881851472,70.32337116086116,67.7510467678859,69.3101806640625,5167600,0.0,0.0
2024-04-25 00:00:00-04:00,66.56571366136981,71.85792400888563,65.58006605146602,71.29722595214844,4980000,0.0,0.0
2024-04-26 00:00:00-04:00,71.48411686099722,72.34976119106821,70.37255971566547,71.51362609863281,3583100,0.0,0.0
2024-04-29 00:00:00-04:00,72.11366339532817,76.72713043456136,71.78905431643807,76.68778228759766,5158500,0.0,0.0
2024-04-30 00:00:00-04:00,76.5599176726093,77.44719862887243,74.5728772362795,74.60238647460938,6002100,0.0,0.0
2024-05-01 00:00:00-04:00,74.43516028921238,77.7993484490415,73.48098825153681,75.60574340820312,6170100,0.0,0.0
2024-05-02 00:00:00-04:00,76.18612047005034,79.49129053288141,74.86799101297387,78.56663513183594,6810200,0.0,0.0
2024-05-03 00:00:00-04:00,79.2847110138971,81.67505686509959,78.76532740931216,80.16018676757812,5588500,0.0,0.0
2024-05-06 00:00:00-04:00,80.96680602757732,82.2455947294237,78.79287123835269,81.88162994384766,8043400,0.0,0.0
2024-05-07 00:00:00-04:00,81.52751656236654,83.44569990899318,79.85526108520952,80.40612030029297,86269000,0.0,0.0
2024-05-08 00:00:00-04:00,80.44546301111168,89.55435479947309,80.40611485485712,87.74437713623047,15076500,0.0,0.0
2024-05-09 00:00:00-04:00,88.09850660000608,92.64311751511376,88.09850660000608,91.64959716796875,11060000,0.0,0.0
2024-05-10 00:00:00-04:00,93.19396686458484,94.50226483131456,90.50852104329009,91.8955078125,7428000,0.0,0.0
2024-05-13 00:00:00-04:00,92.98739873839853,94.18749121100839,88.58051040197095,88.69854736328125,7957300,0.0,0.0
2024-05-14 00:00:00-04:00,87.56730186595094,90.07569206380391,86.48623712920863,89.97732543945312,5848500,0.0,0.0
2024-05-15 00:00:00-04:00,91.97420298770574,96.01713379429472,91.25808611214705,95.32855987548828,7198700,0.0,0.0
2024-05-16 00:00:00-04:00,95.41709754370191,96.30241232085932,91.51188111355299,91.62008666992188,5988000,0.0,0.0
2024-05-17 00:00:00-04:00,92.50540586913306,95.00395769081888,91.7774836864038,92.54475402832031,6084200,0.0,0.0
2024-05-20 00:00:00-04:00,93.40053642482036,95.11214729019244,89.36744459615396,90.01667785644531,5603000,0.0,0.0
2024-05-21 00:00:00-04:00,90.2724314867212,92.8988663163665,90.00684083231968,92.7021255493164,5926800,0.0,0.0
2024-05-22 00:00:00-04:00,92.53491039574314,93.1349566591996,90.93151239128201,92.73164367675781,6531900,0.0,0.0
2024-05-23 00:00:00-04:00,94.43340343148952,96.50897154480222,91.15774294878551,94.561279296875,8472600,0.0,0.0
2024-05-24 00:00:00-04:00,94.49243909065385,102.42091679888799,92.62345031177476,100.43387603759766,8333800,0.0,0.0
2024-05-28 00:00:00-04:00,103.55213313024719,105.48998660396472,99.71578184256525,104.46695709228516,8089500,0.0,0.0
2024-05-29 00:00:00-04:00,103.18818051210405,104.95880253176115,100.73881592388699,101.92906951904297,6491700,0.0,0.0
2024-05-30 00:00:00-04:00,102.30285140377018,103.75870297589958,100.87651657365537,103.65049743652344,4772700,0.0,0.0
2024-05-31 00:00:00-04:00,104.21121284795332,104.6538664884432,93.85304861546787,97.4631576538086,15074400,0.0,0.0
2024-06-03 00:00:00-04:00,98.24026004267087,98.24026004267087,90.00684436460602,91.72828674316406,11391400,0.0,0.0
2024-06-04 00:00:00-04:00,91.23643827244955,91.72827891003688,85.2153230256964,88.08866119384766,11177800,0.0,0.0
2024-06-05 00:00:00-04:00,88.60018236409499,91.4233506509184,88.1378509107061,90.49868774414062,6167800,0.0,0.0
2024-06-06 00:00:00-04:00,89.72157567227225,92.34800309431392,81.65539154674956,84.85235595703125,13449000,0.0,0.0
2024-06-07 00:00:00-04:00,84.0555741912917,88.53132764648828,82.52496614458234,83.68177795410156,8785000,0.0,0.0
2024-06-10 00:00:00-04:00,83.1702564410653,89.41663115934564,83.16041752675164,86.78036499023438,8739100,0.0,0.0
2024-06-11 00:00:00-04:00,86.37705775740527,90.83313311419143,86.13113741758357,89.73141479492188,7243300,0.0,0.0
2024-06-12 00:00:00-04:00,91.36431652640267,92.95788293563204,87.54763578064816,89.0821762084961,8781400,0.0,0.0
2024-06-13 00:00:00-04:00,89.10186913688044,89.20023578266218,83.13780491651748,86.95744323730469,8288200,0.0,0.0
2024-06-14 00:00:00-04:00,86.4655908484306,86.68691764782943,84.18345045140119,86.16064453125,3728400,0.0,0.0
2024-06-17 00:00:00-04:00,86.16064328750662,86.47542851486338,80.98648494356246,82.6685791015625,7445600,0.0,0.0
2024-06-18 00:00:00-04:00,82.75537990254284,86.4636358942559,82.25239553008572,86.3748779296875,8668100,0.218,0.0
2024-06-20 00:00:00-04:00,87.06522889772724,88.71224719007579,85.50696855584032,86.97647094726562,6583100,0.0,0.0
2024-06-21 00:00:00-04:00,86.51294639435702,87.44987108558334,83.455604874953,85.66477966308594,18311200,0.0,0.0
2024-06-24 00:00:00-04:00,85.04345081807888,88.41638871389115,84.61936745519641,87.01593017578125,8497100,0.0,0.0
2024-06-25 00:00:00-04:00,86.67074206890379,90.10285953333602,85.9014763073272,88.17969512939453,5918900,0.0,0.0
2024-06-26 00:00:00-04:00,87.52876885946107,89.58507762494834,84.12624507975924,84.72785186767578,4998100,0.0,0.0
2024-06-27 00:00:00-04:00,83.83036799888035,86.33541754554093,82.50881051508595,86.01982116699219,6696700,0.0,0.0
2024-06-28 00:00:00-04:00,85.8028436929853,87.05536465224556,82.19320320866663,84.79688262939453,17908900,0.0,0.0
2024-07-01 00:00:00-04:00,87.51890536452093,90.56638982811066,85.11248570953961,86.13816833496094,6732300,0.0,0.0
2024-07-02 00:00:00-04:00,85.77326671102053,89.19551962597258,85.61546474951405,86.49321746826172,3981300,0.0,0.0
2024-07-03 00:00:00-04:00,86.69047318811712,91.20745292695909,86.49322072879819,90.4579086303711,3371700,0.0,0.0
2024-07-05 00:00:00-04:00,90.83266548588004,92.18381644415058,87.38082689231145,88.13037109375,4526600,0.0,0.0
2024-07-08 00:00:00-04:00,88.71224646487283,91.61179321348955,88.18954069577624,91.6019287109375,4437900,0.0,0.0
2024-07-09 00:00:00-04:00,90.68473842262985,94.67901226220643,89.49138927517104,90.1423110961914,5747100,0.0,0.0
2024-07-10 00:00:00-04:00,90.29023538025055,91.68082925720617,85.60559743639682,91.0397720336914,5020800,0.0,0.0
2024-07-11 00:00:00-04:00,91.33565061786793,91.7794554313101,89.08110380601877,90.34941101074219,5859400,0.0,0.0
2024-07-12 00:00:00-04:00,89.92534286354078,91.02006961425936,87.38084244163207,90.07328033447266,5239500,0.0,0.0
2024-07-15 00:00:00-04:00,89.12648783824108,89.21524580294965,84.13610964700294,85.0040054321289,6019000,0.0,0.0
2024-07-16 00:00:00-04:00,85.09275460669934,86.14310222705494,83.39642122854411,84.68840026855469,4974900,0.0,0.0
2024-07-17 00:00:00-04:00,81.62119599699155,81.91706337899822,75.02325029380596,75.15145874023438,14373500,0.0,0.0
2024-07-18 00:00:00-04:00,76.41385390138879,77.07463268272326,72.73517657537772,75.49665069580078,8680300,0.0,0.0
2024-07-19 00:00:00-04:00,75.6149924184692,76.89217096373221,74.29343489466301,75.4177474975586,5141400,0.0,0.0
2024-07-22 00:00:00-04:00,76.21660445265857,78.31729987449964,76.00949501412995,78.08059692382812,4578200,0.0,0.0
2024-07-23 00:00:00-04:00,78.05101268016836,80.15170062453792,77.59734330119515,78.96821594238281,4712200,0.0,0.0
2024-07-24 00:00:00-04:00,77.91293271689901,78.43563852995466,71.13746358070462,71.5812759399414,8862500,0.0,0.0
2024-07-25 00:00:00-04:00,72.5379302512679,72.94228460055919,68.07025825565674,69.41154479980469,11659200,0.0,0.0
2024-07-26 00:00:00-04:00,71.08815419120833,71.30512811327141,69.15512542328189,70.14136505126953,4229800,0.0,0.0
2024-07-29 00:00:00-04:00,70.9599414843537,72.17301959325692,69.86521484503494,70.25971221923828,4846500,0.0,0.0
2024-07-30 00:00:00-04:00,70.94022759169667,71.88701687643703,67.79412028944016,68.05054473876953,6362500,0.0,0.0
2024-07-31 00:00:00-04:00,81.3055985541681,81.73953888036797,76.11797592659258,78.1299057006836,15755900,0.0,0.0
2024-08-01 00:00:00-04:00,78.38634254889571,80.54620259248087,74.19482340241666,74.9936752319336,5827100,0.0,0.0
2024-08-02 00:00:00-04:00,73.26773277864056,73.54387863255158,68.8592410445905,71.4333267211914,9363200,0.0,0.0
2024-08-05 00:00:00-04:00,65.9005365649768,70.47175968907779,65.58494016141712,69.23402404785156,6967600,0.0,0.0
2024-08-06 00:00:00-04:00,69.03677944578125,74.72737924078517,69.03677944578125,73.36637115478516,6285600,0.0,0.0
2024-08-07 00:00:00-04:00,75.62486427902859,75.9897756950663,71.53196781445763,72.93242645263672,8856500,0.0,0.0
2024-08-08 00:00:00-04:00,74.46110393322871,79.35285237478683,72.56752534767314,77.9918441772461,10747700,0.0,0.0
2024-08-09 00:00:00-04:00,76.92668388519351,77.84388695557033,74.87530384239649,77.55787658691406,5586300,0.0,0.0
2024-08-12 00:00:00-04:00,77.90305539263204,77.91291989439024,74.05671986764719,76.8872299194336,5417600,0.0,0.0
2024-08-13 00:00:00-04:00,77.94252838287765,80.80262524144446,76.85766613291435,79.34298706054688,6495500,0.0,0.0
2024-08-14 00:00:00-04:00,79.16545362789728,79.78678942485037,76.40398711441173,78.15949249267578,5144700,0.0,0.0
2024-08-15 00:00:00-04:00,78.45535924770545,80.44755982886473,77.29159627720331,80.32920837402344,4956600,0.0,0.0
2024-08-16 00:00:00-04:00,80.01363091566051,80.01363091566051,77.48885947805663,78.25812530517578,4821800,0.0,0.0
2024-08-19 00:00:00-04:00,78.4060625812584,79.64872681202324,77.33106483179934,79.62899780273438,3848500,0.0,0.0
2024-08-20 00:00:00-04:00,79.34298786714982,79.53037583452195,77.91294318553473,78.54413604736328,4433600,0.0,0.0
2024-08-21 00:00:00-04:00,78.55398907827856,81.8480258745353,77.94251779076474,81.14779663085938,4041400,0.0,0.0
2024-08-22 00:00:00-04:00,81.27601771116797,83.59367951333219,80.9209708153696,82.15377044677734,5187500,0.0,0.0
2024-08-23 00:00:00-04:00,82.78496216735728,85.00892996438006,82.23759883723443,84.58977508544922,5315600,0.0,0.0
2024-08-26 00:00:00-04:00,85.1223361517951,86.68059650155567,83.01178404238708,83.7120132446289,4774000,0.0,0.0
2024-08-27 00:00:00-04:00,82.97233319834254,84.75743195563973,82.26224702089053,83.4260025024414,2951000,0.0,0.0
2024-08-28 00:00:00-04:00,83.40627688186271,83.74160223528179,81.09847998976228,81.36476135253906,3549000,0.0,0.0
2024-08-29 00:00:00-04:00,82.05513977173942,85.04345237383131,82.05513977173942,83.50491333007812,4849200,0.0,0.0
2024-08-30 00:00:00-04:00,83.89940868216894,84.96454933488086,83.06110646499091,84.25445556640625,3947100,0.0,0.0
2024-09-03 00:00:00-04:00,83.83037369428207,83.86489569516793,74.63862007960314,74.69779205322266,9487900,0.0,0.0
2024-09-04 00:00:00-04:00,74.4610919784797,77.36852447809211,73.9975581490125,75.6248550415039,5282700,0.0,0.0
2024-09-05 00:00:00-04:00,75.55582583922077,76.15743267266745,74.46109914389402,74.78656005859375,4306900,0.0,0.0
2024-09-06 00:00:00-04:00,74.6780758386422,75.37731946738099,72.13357545172649,72.68586730957031,5161500,0.0,0.0
2024-09-09 00:00:00-04:00,73.96797038552926,74.45122568521295,71.89686871961663,73.91865539550781,4121900,0.0,0.0
2024-09-10 00:00:00-04:00,74.3723328373318,75.76292677914162,73.47485117767242,75.03311157226562,3392700,0.0,0.0
2024-09-11 00:00:00-04:00,75.90100944773683,79.18518958607648,74.17508990364033,78.9583511352539,4994300,0.0,0.0
2024-09-12 00:00:00-04:00,78.99779005706637,80.73357385115524,77.9425139913601,79.36270141601562,3860600,0.0,0.0
2024-09-13 00:00:00-04:00,81.38449771617256,84.77716473295895,80.00376813902635,84.37281036376953,6323100,0.0,0.0
2024-09-16 00:00:00-04:00,83.83037415523019,88.8306091126892,83.75147317369586,88.16983032226562,6947200,0.0,0.0
2024-09-17 00:00:00-04:00,89.077163620015,91.13840837189035,87.66684063959858,89.89574432373047,5981600,0.0,0.0
2024-09-18 00:00:00-04:00,90.56639637865631,92.64736281474411,89.49139115828103,89.9352035522461,5958100,0.0,0.0
2024-09-19 00:00:00-04:00,93.03197669450464,93.93931525647773,89.0179821073565,91.46385192871094,7887700,0.0,0.0
2024-09-20 00:00:00-04:00,98.59157575185968,107.02420377256104,96.73797905766199,106.6485366821289,23358400,0.22,0.0
2024-09-23 00:00:00-04:00,109.09031807590117,113.24237826285332,105.81810519424779,110.35570526123047,15615000,0.0,0.0
2024-09-24 00:00:00-04:00,110.61274776310063,114.25073996745309,109.90887740788438,111.11692810058594,9722700,0.0,0.0
2024-09-25 00:00:00-04:00,112.87661319014062,119.23321377973541,112.40208916574275,117.7206802368164,15868400,0.0,0.0
2024-09-26 00:00:00-04:00,118.63016551294578,120.61722289713241,112.3229977617365,112.8568344116211,12987400,0.0,0.0
2024-09-27 00:00:00-04:00,113.9344072176975,118.33360690896463,113.0150229792378,116.37621307373047,7133500,0.0,0.0
2024-09-30 00:00:00-04:00,116.53437427944966,118.90697932360115,113.52907556249825,117.18684387207031,7519100,0.0,0.0
2024-10-01 00:00:00-04:00,116.65299846092299,121.2400310173581,113.71690059797706,121.15106201171875,7126700,0.0,0.0
2024-10-02 00:00:00-04:00,118.67961000848213,126.1137644955873,118.32174278830787,123.93888092041016,8792700,0.0,0.0
2024-10-03 00:00:00-04:00,126.93426320262996,133.75550634787606,124.57155403153169,130.9380340576172,14026800,0.0,0.0
2024-10-04 00:00:00-04:00,132.80648477911217,137.78896085737728,131.28407075134695,136.8300323486328,12377600,0.0,0.0
2024-10-07 00:00:00-04:00,138.26348617007218,142.22277356324577,126.8947597006248,129.77154541015625,15672300,0.0,0.0
2024-10-08 00:00:00-04:00,129.50460431816816,129.75175050961505,126.27193545265631,126.49930572509766,9002400,0.0,0.0
2024-10-09 00:00:00-04:00,124.96699842220438,125.05596742694584,119.39137364701716,122.762451171875,9781200,0.0,0.0
2024-10-10 00:00:00-04:00,122.58451526143233,125.58981396001482,121.5642980401813,122.6932601928711,5842500,0.0,0.0
2024-10-11 00:00:00-04:00,116.158710708451,123.879555364131,113.19295639249054,123.85978698730469,10896200,0.0,0.0
2024-10-14 00:00:00-04:00,126.31147020676352,132.2133299141704,125.83695375038609,130.75021362304688,12001900,0.0,0.0
2024-10-15 00:00:00-04:00,130.50307533515235,131.2642898625278,125.07574684020085,126.8255386352539,6937800,0.0,0.0
2024-10-16 00:00:00-04:00,129.24759069817642,134.5266302576901,126.98372290963741,134.14108276367188,7574200,0.0,0.0
2024-10-17 00:00:00-04:00,137.88780397715107,137.88780397715107,125.54038191041485,125.81718444824219,11724100,0.0,0.0
2024-10-18 00:00:00-04:00,125.84685779387875,130.75023033388004,123.93888868056423,129.6627960205078,6257300,0.0,0.0
2024-10-21 00:00:00-04:00,130.07799187731118,131.90686473583585,126.35102289793501,128.89169311523438,4314800,0.0,0.0
2024-10-22 00:00:00-04:00,126.53886601107811,127.40882554197894,123.27653285480834,123.61265563964844,5758000,0.0,0.0
2024-10-23 00:00:00-04:00,122.58451845761726,127.23086412417,121.70467856562027,124.6704330444336,4554600,0.0,0.0
2024-10-24 00:00:00-04:00,124.4727191780371,125.66198207876504,121.89251217638676,124.146484375,3317400,0.0,0.0
2024-10-25 00:00:00-04:00,125.89627518642376,126.88486754768996,121.6947897058328,122.61417388916016,3792500,0.0,0.0
2024-10-28 00:00:00-04:00,123.78069522971398,127.15176529397655,122.55485225564605,126.32135772705078,5213300,0.0,0.0
2024-10-29 00:00:00-04:00,124.14647612283866,126.40044817162776,122.92062558848063,125.21414947509766,4738600,0.0,0.0
2024-10-30 00:00:00-04:00,125.59970191986474,126.99361010886896,120.11404130194842,122.6932601928711,4166500,0.0,0.0
2024-10-31 00:00:00-04:00,122.8909724571445,124.29476858682034,121.02254781311835,123.53355407714844,4073500,0.0,0.0
2024-11-01 00:00:00-04:00,123.17766799276225,124.89780348069354,117.73056348162558,118.1457748413086,5979600,0.0,0.0
2024-11-04 00:00:00-05:00,116.34654520086858,117.4438749103276,110.22720299759932,114.4188003540039,10742700,0.0,0.0
2024-11-05 00:00:00-05:00,114.98229842969555,120.87426307380376,114.56709461389917,120.50849151611328,6438800,0.0,0.0
2024-11-06 00:00:00-05:00,123.74116141992798,125.55027346984316,119.68796512345676,124.6506576538086,7411300,0.0,0.0
2024-11-07 00:00:00-05:00,136.53343954422436,142.14859364735375,128.53579258867438,134.18060302734375,14877300,0.0,0.0
2024-11-08 00:00:00-05:00,133.69621835584718,143.11743061535302,133.69621835584718,140.28018188476562,9826100,0.0,0.0
2024-11-11 00:00:00-05:00,144.6101823706932,148.09000506712488,140.32960840515065,144.1356658935547,7850400,0.0,0.0
2024-11-12 00:00:00-05:00,142.27710452415525,144.313586539806,135.67632272260477,140.53720092773438,5314700,0.0,0.0
2024-11-13 00:00:00-05:00,143.76990987212184,145.9151526049754,139.6969444832549,140.49769592285156,3863200,0.0,0.0
2024-11-14 00:00:00-05:00,140.6064093339959,141.7729472208661,136.59275753221831,136.87945556640625,3230200,0.0,0.0
2024-11-15 00:00:00-05:00,136.02926478191097,140.97218842827976,135.469716412348,140.52731323242188,3562100,0.0,0.0
2024-11-18 00:00:00-05:00,141.0908218825467,150.89758115075514,141.0908218825467,144.95619201660156,5744000,0.0,0.0
2024-11-19 00:00:00-05:00,142.494609349118,153.18120838962943,141.49614415343495,153.0922393798828,6372400,0.0,0.0
2024-11-20 00:00:00-05:00,153.9918542010725,155.91959149008878,149.53332722396104,152.8648681640625,4446700,0.0,0.0
2024-11-21 00:00:00-05:00,155.93937224887048,165.68681900940922,155.06941279519424,164.70811462402344,7868500,0.0,0.0
2024-11-22 00:00:00-05:00,166.7446188296022,166.7446188296022,156.31504477011552,160.07167053222656,6993300,0.0,0.0
2024-11-25 00:00:00-05:00,164.1050791454405,164.48074620188385,150.9717262694289,152.38046264648438,7673800,0.0,0.0
2024-11-26 00:00:00-05:00,152.6177409316427,162.26632407729835,151.8565263387302,160.80322265625,5331100,0.0,0.0
2024-11-27 00:00:00-05:00,159.83437407288324,161.28759485245502,151.64889360426992,152.75611877441406,4819900,0.0,0.0
2024-11-29 00:00:00-05:00,156.68081564411037,159.06329362781744,154.940896683532,158.01539611816406,2475800,0.0,0.0
2024-12-02 00:00:00-05:00,159.75528892046307,161.4655361781713,151.78235113266516,152.3507843017578,4843800,0.0,0.0
2024-12-03 00:00:00-05:00,153.8633393332486,157.06635955036026,152.14319633218003,152.40023803710938,3898800,0.0,0.0
2024-12-04 00:00:00-05:00,157.12565647272862,162.3750388777038,155.2176801353762,159.46859741210938,5327200,0.0,0.0
2024-12-05 00:00:00-05:00,159.16214340833233,162.97808111454987,157.75835488531837,159.04351806640625,3554200,0.0,0.0
2024-12-06 00:00:00-05:00,159.26101857727738,161.6237356646368,155.49449778832735,158.15379333496094,3220400,0.0,0.0
2024-12-09 00:00:00-05:00,158.34163681467734,158.87548109184746,144.4816727138558,146.6170196533203,6844200,0.0,0.0
2024-12-10 00:00:00-05:00,144.21475610784964,146.11283712234098,137.70986628407258,139.90452575683594,7109700,0.0,0.0
2024-12-11 00:00:00-05:00,144.27407660427798,146.71588241054727,141.80261445903437,144.33338928222656,6209300,0.0,0.0
2024-12-12 00:00:00-05:00,144.75845423110508,147.2793483000844,142.94935745643411,143.4238739013672,3703000,0.0,0.0
2024-12-13 00:00:00-05:00,144.67940934873621,147.64516411433019,141.95090531024013,143.23606872558594,4016400,0.0,0.0
2024-12-16 00:00:00-05:00,143.05813319015596,145.5394759571112,141.64444888309046,143.67105102539062,4801300,0.0,0.0
2024-12-17 00:00:00-05:00,141.2490143922838,141.7334113358875,134.54641002198,138.1745147705078,5475200,0.0,0.0
2024-12-18 00:00:00-05:00,139.63758481235502,139.63758481235502,130.13728551837448,131.37301635742188,5690600,0.0,0.0
2024-12-19 00:00:00-05:00,133.07338879421562,138.13493769670916,131.7981211519222,135.63381958007812,7554400,0.0,0.0
2024-12-20 00:00:00-05:00,131.15025805667545,140.24018208326265,130.70467695251173,138.57666015625,8735100,0.222,0.0
2024-12-23 00:00:00-05:00,138.6261756903494,139.9777863425898,134.2891519302826,139.40841674804688,2871400,0.0,0.0
2024-12-24 00:00:00-05:00,140.63625084164886,142.74535387317562,139.63616746466602,141.9532012939453,1642700,0.0,0.0
2024-12-26 00:00:00-05:00,141.49771366160445,143.45829476417074,140.0579869875208,142.6958465576172,1928000,0.0,0.0
2024-12-27 00:00:00-05:00,141.5967389580239,141.5967389580239,135.3981738666735,138.30931091308594,3214700,0.0,0.0
2024-12-30 00:00:00-05:00,134.71492280451673,139.79061245546686,133.53659804571285,138.71527099609375,4930600,0.0,0.0
2024-12-31 00:00:00-05:00,138.5370644924411,139.06086518740514,135.67542471438946,136.51707458496094,2761600,0.0,0.0
2025-01-02 00:00:00-05:00,138.25981652660022,148.41912977212797,136.9032500537921,148.19139099121094,6169600,0.0,0.0
2025-01-03 00:00:00-05:00,152.84527304037863,161.06382854482078,150.17177103771934,160.7667694091797,8762600,0.0,0.0
2025-01-06 00:00:00-05:00,163.53928892663072,164.3710423823926,157.93482686741942,162.34115600585938,7406900,0.0,0.0
2025-01-07 00:00:00-05:00,162.99469839963203,163.5888167005727,154.2711525054576,161.76686096191406,5258700,0.0,0.0
2025-01-08 00:00:00-05:00,161.3707715911306,161.40047599148446,151.11243398510106,159.23196411132812,7198700,0.0,0.0
2025-01-10 00:00:00-05:00,159.9151983601446,167.52973870570173,152.884864710597,165.0938720703125,9743400,0.0,0.0
2025-01-13 00:00:00-05:00,160.12314001335366,163.1234052946242,154.7761213617918,160.5390167236328,6289200,0.0,0.0
2025-01-14 00:00:00-05:00,165.0443587821307,173.2827217184631,164.06408334048956,168.83677673339844,7486300,0.0,0.0
2025-01-15 00:00:00-05:00,173.28272551181706,176.3325032939116,165.45034269250982,167.5099334716797,7817300,0.0,0.0
2025-01-16 00:00:00-05:00,169.2526600997381,176.64935834888882,168.3317934233567,172.29254150390625,5772000,0.0,0.0
2025-01-17 00:00:00-05:00,167.37129051036865,171.5795848356727,164.8661188619119,169.18333435058594,8263500,0.0,0.0
2025-01-21 00:00:00-05:00,177.54052433809554,186.9175960257112,173.1341954030883,183.53115844726562,10678200,0.0,0.0
2025-01-22 00:00:00-05:00,191.09621911195515,192.759726233255,181.50130343222096,185.0263671875,9003500,0.0,0.0
2025-01-23 00:00:00-05:00,187.1453636428914,197.87898828068055,186.373018906423,190.0070037841797,10217800,0.0,0.0
2025-01-24 00:00:00-05:00,192.11608213810658,192.53195885672392,187.25426043891957,189.23463439941406,5265600,0.0,0.0
2025-01-27 00:00:00-05:00,152.5778906687568,155.39001774410667,131.28887303399154,135.7348175048828,32356900,0.0,0.0
2025-01-28 00:00:00-05:00,140.7847832650973,148.42902826897338,133.59603093845018,148.1715850830078,20931000,0.0,0.0
2025-01-29 00:00:00-05:00,145.8050400256866,158.42992464590733,145.18914961637518,153.6869354248047,14323400,0.0,0.0
2025-01-30 00:00:00-05:00,157.4595460981679,174.75811476021602,155.45936406249717,174.56997680664062,18034800,0.0,0.0
2025-01-31 00:00:00-05:00,173.28272330565508,174.68878701882016,165.4998529573932,166.38111877441406,12159400,0.0,0.0
2025-02-03 00:00:00-05:00,155.95445885668002,169.81707742171824,154.74642945871656,166.876220703125,9849800,0.0,0.0
2025-02-04 00:00:00-05:00,166.86633010036044,169.09425101898793,161.37078881260146,166.67819213867188,5652700,0.0,0.0
2025-02-05 00:00:00-05:00,170.68844310793446,174.6293832115834,167.01484262079865,169.92599487304688,7017700,0.0,0.0
2025-02-06 00:00:00-05:00,169.92600155682393,173.23619918691284,165.6345312118603,168.21298217773438,5943800,0.0,0.0
2025-02-07 00:00:00-05:00,169.20317785860132,173.25303950435517,163.5096019873098,165.26222229003906,6438600,0.0,0.0
2025-02-10 00:00:00-05:00,167.34160930159982,171.00529831775282,163.90565907348753,166.7375946044922,5726400,0.0,0.0
2025-02-11 00:00:00-05:00,164.8760135972205,168.7278399945514,162.71741342959396,165.96522521972656,4000000,0.0,0.0
2025-02-12 00:00:00-05:00,161.82626442223605,169.30217976824161,159.48943745870434,164.97506713867188,5265400,0.0,0.0
2025-02-13 00:00:00-05:00,166.49003074777573,167.67825204868754,159.66764336583935,164.0244598388672,7820700,0.0,0.0
2025-02-14 00:00:00-05:00,163.9848688869594,168.77737031777423,159.91519973213843,166.01475524902344,5713300,0.0,0.0
2025-02-18 00:00:00-05:00,167.21287042017445,171.0746087062784,165.2424080004471,167.6188507080078,5963700,0.0,0.0
2025-02-19 00:00:00-05:00,166.4504376596513,171.6192149126093,165.49985150927964,167.68817138671875,6213400,0.0,0.0
2025-02-20 00:00:00-05:00,165.85631985819555,166.54944772534432,156.32081436518223,161.57870483398438,7134900,0.0,0.0
2025-02-21 00:00:00-05:00,162.04409124241556,162.04409124241556,146.3496368676788,148.96372985839844,9974300,0.0,0.0
2025-02-24 00:00:00-05:00,149.7162816104094,150.1024539624398,137.64887532197437,141.35910034179688,9860000,0.0,0.0
2025-02-25 00:00:00-05:00,138.0518698568669,139.61636713142616,126.4171725959147,136.56658935546875,13529900,0.0,0.0
2025-02-26 00:00:00-05:00,141.59675126495864,148.7260951599846,141.16106653592524,146.73582458496094,9208400,0.0,0.0
2025-02-27 00:00:00-05:00,147.64680250358336,151.43922099746965,128.4965871724037,128.73422241210938,16672900,0.0,0.0
2025-02-28 00:00:00-05:00,126.74394163530468,133.38810334870223,122.83270583321375,132.34840393066406,13060900,0.0,0.0
2025-03-03 00:00:00-05:00,132.348395315297,132.96230640773211,120.52556036180059,122.73367309570312,10900500,0.0,0.0
2025-03-04 00:00:00-05:00,121.77319645693592,130.6848716003801,115.25776440466606,125.6943359375,15914800,0.0,0.0
2025-03-05 00:00:00-05:00,122.53069606602466,127.01129386277958,120.20870628485454,125.62503051757812,8481800,0.0,0.0
2025-03-06 00:00:00-05:00,119.04027623768546,121.14937171978333,111.04946786008183,113.28729248046875,11789300,0.0,0.0
2025-03-07 00:00:00-05:00,115.85188269926003,117.5253012001426,108.47499233551987,113.19818115234375,9798000,0.0,0.0
2025-03-10 00:00:00-04:00,108.92056899292763,110.81182977161426,103.31610699857302,107.42538452148438,11399900,0.0,0.0
2025-03-11 00:00:00-04:00,108.42548324501978,114.27749240523937,106.1282495642927,113.23779296875,11062700,0.0,0.0
2025-03-12 00:00:00-04:00,118.35704839010042,126.5756033375387,117.23813982347006,120.72359466552734,14722600,0.0,0.0
2025-03-13 00:00:00-04:00,120.81272370650599,120.81272370650599,114.65375906611611,116.84207153320312,8033100,0.0,0.0
2025-03-14 00:00:00-04:00,119.86213668321345,123.49612107861392,117.3777548967464,123.2386703491211,6613100,0.0,0.0
2025-03-17 00:00:00-04:00,122.3871072349397,128.5658717748022,122.18907286395788,125.05071258544922,6259900,0.0,0.0
2025-03-18 00:00:00-04:00,123.65454706670612,125.57056400580697,121.0800624353592,123.2386703491211,4648400,0.0,0.0
2025-03-19 00:00:00-04:00,123.77339201043497,131.36119047410983,122.78320487435148,128.5758056640625,5973600,0.0,0.0
2025-03-20 00:00:00-04:00,126.49676979327536,132.1704284191547,125.21722027232714,130.83135986328125,5639100,0.224,0.0
2025-03-21 00:00:00-04:00,128.73847134937276,130.47429334271183,125.24699272679307,129.52207946777344,7484300,0.0,0.0
2025-03-24 00:00:00-04:00,133.8864099897588,137.61595677432175,132.41840494432702,133.84674072265625,7760500,0.0,0.0
2025-03-25 00:00:00-04:00,132.92423787699622,133.35076186271957,126.96293668893185,130.7420654296875,8146500,0.0,0.0
2025-03-26 00:00:00-04:00,128.74836218429598,129.44268775056156,121.0115548319426,123.0052719116211,6723100,0.0,0.0
2025-03-27 00:00:00-04:00,119.27575523397834,123.49132246678006,117.43082402786322,118.34336853027344,7259300,0.0,0.0
2025-03-28 00:00:00-04:00,117.53991752948355,121.34880236382264,116.50834266162134,118.08546447753906,7023700,0.0,0.0
2025-03-31 00:00:00-04:00,112.9771901050771,117.38419395542697,111.09258228494124,116.48851013183594,7766200,0.0,0.0
2025-04-01 00:00:00-04:00,117.3217030626403,121.29921646104026,115.06017666317713,121.24961853027344,8054800,0.0,0.0
2025-04-02 00:00:00-04:00,117.88709596829749,126.57216064153299,117.04398403747624,126.15953063964844,5714300,0.0,0.0
2025-04-03 00:00:00-04:00,113.29459161399205,117.88112854499256,106.44057275054303,107.33328247070312,12729000,0.0,0.0
2025-04-04 00:00:00-04:00,102.7308834498915,103.06813273094384,91.3736535043722,97.27544403076172,17707400,0.0,0.0
2025-04-07 00:00:00-04:00,91.90928036674646,108.29543343298234,89.77669796634514,101.85801696777344,12926800,0.0,0.0
2025-04-08 00:00:00-04:00,108.57316395639023,111.47942566100274,99.09062064345932,101.36206817626953,11458100,0.0,0.0
2025-04-09 00:00:00-04:00,101.5108561186373,119.98000295636406,98.43597327385464,117.0638198852539,14023800,0.0,0.0
2025-04-10 00:00:00-04:00,112.70937614478986,114.57414937908281,106.16285032805726,108.37478637695312,8735400,0.0,0.0
2025-04-11 00:00:00-04:00,108.37479187688932,111.42983236801759,104.89322731928371,110.80493927001953,5268000,0.0,0.0
2025-04-14 00:00:00-04:00,116.35956485177213,117.24235356418438,109.61466224494168,111.7770004272461,5007400,0.0,0.0
2025-04-15 00:00:00-04:00,112.34237835992712,115.40733978650874,111.4645464425468,114.81220245361328,4279400,0.0,0.0
2025-04-16 00:00:00-04:00,111.59845802550761,116.667057952598,111.04298994018926,114.93123626708984,5956700,0.0,0.0
2025-04-17 00:00:00-04:00,116.8753566280198,119.2063156831848,113.07638503390658,114.48487854003906,4853100,0.0,0.0
2025-04-21 00:00:00-04:00,111.60837102973893,113.07638354941476,102.50076345053301,105.656982421875,6092400,0.0,0.0
2025-04-22 00:00:00-04:00,108.61283026700036,112.77879881185287,107.71019946065302,111.71746826171875,4882200,0.0,0.0
2025-04-23 00:00:00-04:00,121.01155942281088,124.56255617947026,117.37129547606553,119.02776336669922,7046200,0.0,0.0
2025-04-24 00:00:00-04:00,119.79152164328065,125.26680300169467,119.53363360437623,123.22349548339844,5468700,0.0,0.0
2025-04-25 00:00:00-04:00,123.37227619341958,127.20101082261048,122.51924326875543,125.61396789550781,4323300,0.0,0.0
2025-04-28 00:00:00-04:00,125.22714739623505,128.8991504054967,124.78079623452906,128.56983947753906,4335000,0.0,0.0
2025-04-29 00:00:00-04:00,127.53825722448869,129.35343253111998,125.39575373451433,128.2821807861328,4289000,0.0,0.0
2025-04-30 00:00:00-04:00,124.07653176564277,128.96163301663879,121.3091426799663,128.5797576904297,5047100,0.0,0.0
2025-05-01 00:00:00-04:00,136.5546195507743,139.39144892867748,134.70968834507272,136.1876220703125,10589900,0.0,0.0
2025-05-02 00:00:00-04:00,137.7944816319161,139.96475817656324,136.61412047646266,138.1515655517578,5615800,0.0,0.0
2025-05-05 00:00:00-04:00,135.48336166624048,139.94690324208102,134.58272857904169,138.86573791503906,5941400,0.0,0.0
2025-05-06 00:00:00-04:00,137.358043126151,145.68999615480533,136.32647577306844,143.62684631347656,10113700,0.0,0.0
2025-05-07 00:00:00-04:00,136.5149369367188,139.83778640763052,132.8647441495991,138.36978149414062,12497700,0.0,0.0
2025-05-08 00:00:00-04:00,139.99648863439157,142.1191498326776,136.32646891672206,139.7683563232422,7363500,0.0,0.0
2025-05-09 00:00:00-04:00,139.80804447517912,140.115530487222,132.64653845439094,134.65017700195312,5859900,0.0,0.0
2025-05-12 00:00:00-04:00,144.2219600434097,146.2751961241181,141.85132447981368,144.9063720703125,8358700,0.0,0.0
2025-05-13 00:00:00-04:00,142.9920301571368,155.71808427851647,142.9077121612706,153.74420166015625,9075900,0.0,0.0
2025-05-14 00:00:00-04:00,155.23205386139475,155.728002915265,151.3090950290612,153.4664764404297,5370200,0.0,0.0
2025-05-15 00:00:00-04:00,149.77659350288258,152.84155459841662,149.61788619520888,150.8280029296875,3953500,0.0,0.0
2025-05-16 00:00:00-04:00,154.97414801419268,156.2040918401137,153.25815358744438,155.35105895996094,6263900,0.0,0.0
2025-05-19 00:00:00-04:00,149.15667086060265,156.37272319729965,149.15667086060265,156.04541015625,5141300,0.0,0.0
2025-05-20 00:00:00-04:00,155.72799573379686,156.95795477933405,154.40876949511897,155.75775146484375,3426500,0.0,0.0
2025-05-21 00:00:00-04:00,153.6847099168653,155.23703302540315,149.69727490497186,150.8379669189453,4067400,0.0,0.0
2025-05-22 00:00:00-04:00,151.06608483591725,153.85331609704195,148.37406889150088,153.4664764404297,4624100,0.0,0.0
2025-05-23 00:00:00-04:00,155.29157322582537,158.13831609660042,153.39704411122798,156.8786163330078,7254000,0.0,0.0
2025-05-27 00:00:00-04:00,158.70368271701426,162.54232319948002,155.90652304424884,162.53240966796875,7192500,0.0,0.0
2025-05-28 00:00:00-04:00,163.06805177257164,164.39720681232666,160.1121994877695,161.04458618164062,5027400,0.0,0.0
2025-05-29 00:00:00-04:00,164.59559240888777,164.65510388023003,157.4935975488429,158.43589782714844,3543800,0.0,0.0
2025-05-30 00:00:00-04:00,157.68203058880334,159.29882921632998,155.7974303912601,159.26907348632812,5306100,0.0,0.0
2025-06-02 00:00:00-04:00,159.29885403235622,167.91843651764282,159.28892536403373,166.11318969726562,5613000,0.0,0.0
2025-06-03 00:00:00-04:00,173.58216805891556,176.90503275868036,170.4676086202936,174.57406616210938,10019900,0.0,0.0
2025-06-04 00:00:00-04:00,174.5740740020775,175.95281182202822,170.4973720094633,171.2908935546875,5290600,0.0,0.0
2025-06-05 00:00:00-04:00,172.01496944328278,172.5010049687332,168.19120644433147,169.48562622070312,4296700,0.0,0.0
2025-06-06 00:00:00-04:00,172.09435595287897,172.54070716318734,168.86077292657436,172.21337890625,3302200,0.0,0.0
2025-06-09 00:00:00-04:00,172.26295261498242,172.59028082587196,167.045573712239,167.99778747558594,5350000,0.0,0.0
2025-06-10 00:00:00-04:00,168.72188182036479,169.24262229644182,158.88223882710074,163.31602478027344,7818200,0.0,0.0
2025-06-11 00:00:00-04:00,166.66863400073555,168.12672539640238,164.19880232058966,165.4386749267578,4029300,0.0,0.0
2025-06-12 00:00:00-04:00,163.931004333153,172.4851265826698,163.3358594150638,172.46131896972656,4357300,0.0,0.0
2025-06-13 00:00:00-04:00,170.12044315095721,174.52447327815344,169.27535611342157,172.34230041503906,3960700,0.0,0.0
2025-06-16 00:00:00-04:00,174.14754450489212,177.68861260400342,174.14754450489212,175.7643280029297,4177700,0.0,0.0
2025-06-17 00:00:00-04:00,177.55967692902337,179.73193623242787,173.87974338124621,176.3098907470703,4170400,0.0,0.0
2025-06-18 00:00:00-04:00,175.7884770325451,180.81384010945806,174.01569129661448,179.8902130126953,5591600,0.225,0.0
2025-06-20 00:00:00-04:00,179.6617891714188,184.23030965036352,177.53643741828392,183.8330535888672,6585700,0.0,0.0
2025-06-23 00:00:00-04:00,182.978915766195,186.2861243331663,178.70834546255284,185.27310180664062,4150400,0.0,0.0
2025-06-24 00:00:00-04:00,186.84229708311207,188.07379986171227,183.62446870277603,184.8957061767578,6851900,0.0,0.0
2025-06-25 00:00:00-04:00,186.73303848507794,189.29538063092627,184.67720001813697,185.044677734375,3813900,0.0,0.0
2025-06-26 00:00:00-04:00,186.56422218470144,189.96576683642317,183.733723623892,189.0967559814453,3677900,0.0,0.0
2025-06-27 00:00:00-04:00,190.6858164058744,196.84337619644467,187.81559821302235,193.7050018310547,8903700,0.0,0.0
2025-06-30 00:00:00-04:00,196.14815893862252,196.14815893862252,190.85961034241245,192.48341369628906,4753900,0.0,0.0
2025-07-01 00:00:00-04:00,191.50021377965598,192.14575866817438,179.2744592074383,183.8330535888672,6125700,0.0,0.0
2025-07-02 00:00:00-04:00,183.435771232722,187.15017731495607,181.45940198843633,185.73989868164062,3264900,0.0,0.0
2025-07-03 00:00:00-04:00,186.85223710639227,192.97007737737528,186.71319597088572,190.8844451904297,3342400,0.0,0.0
2025-07-07 00:00:00-04:00,189.69265978185683,192.95020791026556,189.04711490716522,192.37417602539062,4313400,0.0,0.0
2025-07-08 00:00:00-04:00,193.28787728388048,193.28787728388048,183.55496758582868,188.87826538085938,5076200,0.0,0.0
2025-07-09 00:00:00-04:00,191.4008699154249,198.8793273027772,188.5455487369206,195.6614990234375,6931500,0.0,0.0
2025-07-10 00:00:00-04:00,195.3635990372093,196.4361934984386,188.8782805444921,194.43995666503906,4358200,0.0,0.0
2025-07-11 00:00:00-04:00,192.97999982632126,196.36666296455317,190.48718553174436,195.23446655273438,3714500,0.0,0.0
2025-07-14 00:00:00-04:00,195.2046734023282,196.31700246703556,190.23889700010335,193.47657775878906,3793800,0.0,0.0
2025-07-15 00:00:00-04:00,193.84403879203703,193.84403879203703,187.90497450632998,190.06011962890625,4259400,0.0,0.0
2025-07-16 00:00:00-04:00,189.79196774712145,191.1227920988718,179.01821281633696,182.8696746826172,6605400,0.0,0.0
2025-07-17 00:00:00-04:00,185.14401725932424,186.53444383240173,179.95974515551436,180.7542724609375,3948100,0.0,0.0
2025-07-18 00:00:00-04:00,181.5686637772397,193.78446215036362,181.54879642752383,191.68890380859375,6416300,0.0,0.0
2025-07-21 00:00:00-04:00,192.31457804314564,192.3642388354922,185.6306475915169,186.9416046142578,4315900,0.0,0.0
2025-07-22 00:00:00-04:00,186.38545189422447,188.28238213963004,180.48610703305152,187.7957305908203,4187400,0.0,0.0
2025-07-23 00:00:00-04:00,197.45913914717534,205.7023158102718,196.48583606606456,198.75022888183594,8849500,0.0,0.0
2025-07-24 00:00:00-04:00,200.71666414287384,202.20639688469328,194.5491639238296,194.8967742919922,4919300,0.0,0.0
2025-07-25 00:00:00-04:00,193.68515040407962,194.95638797281023,189.41457959302502,190.8844451904297,5492100,0.0,0.0
2025-07-28 00:00:00-04:00,191.78821649871486,194.92659081682294,189.20600671204934,194.5392608642578,3211400,0.0,0.0
2025-07-29 00:00:00-04:00,195.85020242333107,198.04508208340232,192.68203491040606,196.6447296142578,4255800,0.0,0.0
2025-07-30 00:00:00-04:00,198.0351504972671,206.20882910388607,197.53857287299675,205.63279724121094,5511800,0.0,0.0
2025-07-31 00:00:00-04:00,208.3043930592581,211.5897493789273,204.32183070342066,207.1125946044922,5635400,0.0,0.0
2025-08-01 00:00:00-04:00,198.78002541295103,210.40988053736447,195.8502203356499,206.62596130371094,5737100,0.0,0.0
2025-08-04 00:00:00-04:00,209.1088335080446,213.65748621037264,206.8633079913187,212.5948028564453,4625600,0.0,0.0
2025-08-05 00:00:00-04:00,213.47871567642014,215.36571972387253,205.13621772726668,208.16534423828125,4601400,0.0,0.0
2025-08-06 00:00:00-04:00,207.21192344767866,207.21192344767866,197.84447576667932,199.47525024414062,7360600,0.0,0.0
2025-08-07 00:00:00-04:00,188.90805341521963,210.30060931992216,188.69948415955236,204.18276977539062,8944400,0.0,0.0
2025-08-08 00:00:00-04:00,204.6992212385152,207.4502654174537,200.30947702241954,200.7365264892578,4064600,0.0,0.0
2025-08-11 00:00:00-04:00,202.20640555571515,204.79854124381077,197.330009868007,198.7104949951172,3690600,0.0,0.0
2025-08-12 00:00:00-04:00,201.12386285575423,208.52288154147183,199.117700175511,208.1256103515625,4059700,0.0,0.0
2025-08-13 00:00:00-04:00,208.75128873660697,211.7307542627297,198.9170581885569,203.87489318847656,4111700,0.0,0.0
2025-08-14 00:00:00-04:00,202.7377517728478,206.47698087233425,200.9053790314314,200.96498107910156,3005000,0.0,0.0
2025-08-15 00:00:00-04:00,201.6105284019703,203.06054182587764,193.47658396933315,195.97933959960938,4025200,0.0,0.0
2025-08-18 00:00:00-04:00,195.65158409248286,198.0351506288253,193.96322319971145,197.59817504882812,2890400,0.0,0.0
2025-08-19 00:00:00-04:00,196.1084380775202,197.1909736394869,189.90121789971178,192.19540405273438,3358900,0.0,0.0
2025-08-20 00:00:00-04:00,189.6926541718245,192.0414718112446,182.59160014283776,191.58958435058594,5225300,0.0,0.0
2025-08-21 00:00:00-04:00,191.6789684038495,195.3337725480333,188.69950257373785,188.9775848388672,3028800,0.0,0.0
2025-08-22 00:00:00-04:00,189.83167979855662,194.16183697355237,185.8590590932154,189.15634155273438,3447300,0.0,0.0
2025-08-25 00:00:00-04:00,190.22895943273855,193.33754037012716,188.00430126023824,188.77896118164062,2723100,0.0,0.0
2025-08-26 00:00:00-04:00,189.1464209836124,194.31082543436705,188.0539592628001,193.78445434570312,3430800,0.0,0.0
2025-08-27 00:00:00-04:00,192.98995360486583,195.8998914869603,190.96390821788145,193.26803588867188,2665500,0.0,0.0
2025-08-28 00:00:00-04:00,193.86388965461651,200.00159659633266,193.28785782709105,195.35362243652344,3376200,0.0,0.0
2025-08-29 00:00:00-04:00,194.21152002770478,194.39028070585255,185.40222229875525,187.8155975341797,3999300,0.0,0.0
2025-09-02 00:00:00-04:00,183.28679215573183,185.60084555193376,180.84362373627735,184.5381622314453,4234700,0.0,0.0
2025-09-03 00:00:00-04:00,184.72688259329988,187.25943159520645,183.07824118687554,186.83236694335938,2815300,0.0,0.0
2025-09-04 00:00:00-04:00,187.70633638259807,190.79504971972366,187.50373793102617,188.43133544921875,2771800,0.0,0.0
2025-09-05 00:00:00-04:00,188.9478106600173,190.12271213858077,177.20870681824857,186.7132110595703,5199600,0.0,0.0
2025-09-08 00:00:00-04:00,188.29231652191868,189.25070778414943,183.34640719167948,186.72312927246094,4153400,0.0,0.0
2025-09-09 00:00:00-04:00,188.6995028019068,194.16185683038304,187.91491680027465,192.45362854003906,4451700,0.0,0.0
2025-09-10 00:00:00-04:00,199.1474936469981,211.42289306142416,198.63104867722035,207.77801513671875,9715800,0.0,0.0
2025-09-11 00:00:00-04:00,207.3509557481464,210.44959533652124,201.70984109706947,202.65333557128906,4408900,0.0,0.0
2025-09-12 00:00:00-04:00,201.5360425902812,208.77613807039407,200.62729700296285,208.26466369628906,3824900,0.0,0.0
2025-09-15 00:00:00-04:00,208.26467203703996,216.4085428047248,208.26467203703996,212.05853271484375,4750600,0.0,0.0
2025-09-16 00:00:00-04:00,212.33660467263738,212.33660467263738,205.89499180449795,207.9965057373047,3828400,0.0,0.0
2025-09-17 00:00:00-04:00,209.84873960019493,212.33659838486065,203.26908597895923,206.88417053222656,3468100,0.0,0.0
2025-09-18 00:00:00-04:00,211.84994482952848,212.99208246436302,206.62595364847414,208.7215118408203,3589600,0.0,0.0
2025-09-19 00:00:00-04:00,210.20885048707322,212.60493485083944,203.99893808118387,210.05972290039062,9188500,0.226,0.0
2025-09-22 00:00:00-04:00,209.7813607784279,218.55042778577536,206.59984554483046,216.66139221191406,4819500,0.0,0.0
2025-09-23 00:00:00-04:00,208.89650228223755,211.5361670147472,202.2849156793228,203.06040954589844,6525200,0.0,0.0
2025-09-24 00:00:00-04:00,202.08607176860573,204.99616889913662,200.7041002837774,200.89300537109375,3844400,0.0,0.0
2025-09-25 00:00:00-04:00,196.85644810619064,203.0802879232613,194.87793591883667,200.45553588867188,4262600,0.0,0.0
2025-09-26 00:00:00-04:00,200.03794306012017,206.30155971449966,199.81921248195079,206.02317810058594,3096200,0.0,0.0
2025-09-29 00:00:00-04:00,200.8333321513181,205.93071964289095,196.55816412584602,196.79678344726562,8373900,0.0,0.0
2025-09-30 00:00:00-04:00,198.03958585659737,199.34201755897848,189.5986141653548,194.78846740722656,5828400,0.0,0.0
2025-10-01 00:00:00-04:00,193.87376526361678,203.7464066435852,191.0601082857219,200.34616088867188,5387700,0.0,0.0
2025-10-02 00:00:00-04:00,202.8615397898624,203.81600188843052,197.56233709094437,201.4795684814453,4224200,0.0,0.0
2025-10-03 00:00:00-04:00,203.1697649984403,208.98596871591928,200.3362193512624,200.82339477539062,5306900,0.0,0.0
2025-10-06 00:00:00-04:00,204.96932375574426,206.72909017378345,196.28973306665674,199.25253295898438,6019800,0.0,0.0
2025-10-07 00:00:00-04:00,200.40582126594555,202.6577389439523,194.75364276132066,198.46707153320312,2865800,0.0,0.0
2025-10-08 00:00:00-04:00,200.41577400642964,205.41672196479442,198.97116291335607,205.35707092285156,3706000,0.0,0.0
2025-10-09 00:00:00-04:00,205.80446646554128,209.85096736347214,204.14908938862695,208.78713989257812,3796100,0.0,0.0
2025-10-10 00:00:00-04:00,208.54851157665178,211.14343795325993,195.70313372449513,195.7230224609375,4388200,0.0,0.0
2025-10-13 00:00:00-04:00,199.95840227492405,208.7374053630733,199.24255950830155,208.3397216796875,3868800,0.0,0.0
2025-10-14 00:00:00-04:00,204.60145599099212,207.64379574614782,200.23681098285138,204.3230743408203,3088200,0.0,0.0
2025-10-15 00:00:00-04:00,208.11105531355847,214.78726841028623,205.2079067624775,209.63221740722656,5412000,0.0,0.0
2025-10-16 00:00:00-04:00,213.54944352621112,215.84611454027166,207.4787219656718,209.18479919433594,3562200,0.0,0.0
2025-10-17 00:00:00-04:00,206.4705783007029,208.83683721554635,198.89459326499104,200.1870880126953,4004700,0.0,0.0
2025-10-20 00:00:00-04:00,202.95102730342842,204.31310984780254,191.69342660387792,193.11814880371094,4058400,0.0,0.0
2025-10-21 00:00:00-04:00,191.76601714459565,192.30289167355176,184.49823882822773,185.4427490234375,5781700,0.0,0.0
2025-10-22 00:00:00-04:00,186.46679637291498,188.4055309927984,178.61241421066032,184.75672912597656,5344400,0.0,0.0
2025-10-23 00:00:00-04:00,184.6374259750156,191.08993283063302,184.6374259750156,190.2647247314453,3033700,0.0,0.0
2025-10-24 00:00:00-04:00,195.46454327033896,200.83334951586463,193.47609426523138,200.30641174316406,4787500,0.0,0.0
2025-10-27 00:00:00-04:00,202.48374476829434,202.48374476829434,195.3650944295468,198.14892578125,4539500,0.0,0.0
2025-10-28 00:00:00-04:00,196.1754083400047,196.1754083400047,183.40459350879294,189.48924255371094,9390500,0.0,0.0
2025-10-29 00:00:00-04:00,191.1893622384495,199.5706669590928,188.3757052617132,198.21852111816406,6158900,0.0,0.0
2025-10-30 00:00:00-04:00,193.55560019135837,197.6717037984396,187.45106294177472,188.61431884765625,3805400,0.0,0.0
2025-10-31 00:00:00-04:00,190.89109073922793,191.7759498759323,182.4600718126971,187.21246337890625,4231300,0.0,0.0
2025-11-03 00:00:00-05:00,189.70794800834537,194.0626555667359,186.761062510067,191.92506408691406,3585000,0.0,0.0
2025-11-04 00:00:00-05:00,187.01362185485885,190.38404207480835,183.43440782895632,184.66725158691406,3805000,0.0,0.0
2025-11-05 00:00:00-05:00,185.184230621413,191.36334677505408,183.86191035365474,188.29615783691406,3547000,0.0,0.0
2025-11-06 00:00:00-05:00,181.83370690709012,188.0277209096834,178.49311218770006,183.5537109375,6543600,0.0,0.0
2025-11-07 00:00:00-05:00,177.46906048839628,189.97142964273237,175.58004014249843,189.89686584472656,5805300,0.0,0.0
2025-11-10 00:00:00-05:00,193.67492894050582,195.66337787178276,183.096381232939,187.1925811767578,4273700,0.0,0.0
2025-11-11 00:00:00-05:00,184.8462113443566,186.8545490183088,177.77727476720966,178.12525939941406,4542600,0.0,0.0
2025-11-12 00:00:00-05:00,179.288502222299,180.25290118114,176.2660513088195,177.2404022216797,4252100,0.0,0.0
2025-11-13 00:00:00-05:00,175.88825997652273,176.93219873589587,169.53516602688404,170.56915283203125,5467400,0.0,0.0
2025-11-14 00:00:00-05:00,166.21444052968792,178.9604055873249,164.6236904713086,173.6810760498047,5484400,0.0,0.0
2025-11-17 00:00:00-05:00,174.4167669926371,178.48315603349891,172.12011121681758,173.9892578125,3108600,0.0,0.0
2025-11-18 00:00:00-05:00,171.6627834840646,176.39528602710507,169.67433474268725,173.41261291503906,3279100,0.0,0.0
2025-11-19 00:00:00-05:00,174.1483529958501,180.4517321757982,173.2137796140251,178.10536193847656,3384400,0.0,0.0
2025-11-20 00:00:00-05:00,183.75254794019466,188.19671673799004,172.13006309596852,172.78623962402344,4271500,0.0,0.0
2025-11-21 00:00:00-05:00,171.00661162919053,172.67690148411614,161.50182796826928,167.61630249023438,6303800,0.0,0.0
2025-11-24 00:00:00-05:00,168.59065640600105,174.18813004683352,164.941839126554,174.12847900390625,5750900,0.0,0.0
2025-11-25 00:00:00-05:00,173.07459469286337,173.72083451940043,164.946806751035,169.85330200195312,3865100,0.0,0.0
2025-11-26 00:00:00-05:00,172.9950684250522,176.72341041697143,172.08535965411536,175.77890014648438,2937800,0.0,0.0
2025-11-28 00:00:00-05:00,177.9661866737009,179.7259682980921,176.98189895077113,177.82699584960938,1908400,0.0,0.0
2025-12-01 00:00:00-05:00,174.99343779979517,175.46072449911807,171.6926205557209,172.6371307373047,3251000,0.0,0.0
2025-12-02 00:00:00-05:00,174.38696693203596,174.93379342768574,170.37528270315144,171.55343627929688,3029200,0.0,0.0
2025-12-03 00:00:00-05:00,171.662806831286,172.84593642062418,167.97422723927062,170.65863037109375,2492600,0.0,0.0
2025-12-04 00:00:00-05:00,170.90717141206233,177.02166068609344,169.48642386896614,175.0531005859375,3408700,0.0,0.0
2025-12-05 00:00:00-05:00,175.50051901217242,175.60988431775309,165.50855941004713,166.2045135498047,4524300,0.0,0.0
2025-12-08 00:00:00-05:00,166.85074660021323,166.85074660021323,163.1124531355574,165.16055297851562,4230200,0.0,0.0
2025-12-09 00:00:00-05:00,164.4148870256499,168.92867437552468,163.77858400543778,163.85812377929688,3939500,0.0,0.0
2025-12-10 00:00:00-05:00,164.38505025443033,165.06113070062383,157.733686931031,164.21603393554688,5778100,0.0,0.0
2025-12-11 00:00:00-05:00,161.11407837951313,173.87991693191873,160.080076435259,173.5915985107422,6197100,0.0,0.0
2025-12-12 00:00:00-05:00,174.18813551387314,178.96041631644414,166.53260962780217,169.1175994873047,5870200,0.0,0.0
2025-12-15 00:00:00-05:00,171.96106298777647,172.0008252896313,166.0155900115366,167.27825927734375,4287400,0.0,0.0
2025-12-16 00:00:00-05:00,165.68749766945717,172.92545041446382,165.58808432736674,172.44822692871094,4190100,0.0,0.0
2025-12-17 00:00:00-05:00,173.0049857125589,174.12846416079492,157.78341228288,159.04608154296875,6902900,0.0,0.0
2025-12-18 00:00:00-05:00,164.7032475565204,170.92708796560814,161.73051060101233,165.21029663085938,7652500,0.0,0.0
2025-12-19 00:00:00-05:00,165.73721130229717,170.42001509511198,161.76031353777577,162.08840942382812,7141800,0.0,0.0
2025-12-22 00:00:00-05:00,163.28015124115893,163.58878812074173,160.14398368124006,160.86082458496094,4379200,0.227,0.0
2025-12-23 00:00:00-05:00,160.86082097429724,162.98146134104297,159.4271391990357,160.9603729248047,3772000,0.0,0.0
2025-12-24 00:00:00-05:00,160.28337139987903,161.87137167516366,159.06872513555197,161.24911499023438,1342200,0.0,0.0
2025-12-26 00:00:00-05:00,160.9603729248047,162.2845369202389,159.64617475869028,160.9603729248047,2317500,0.0,0.0
2025-12-29 00:00:00-05:00,160.2933141159076,163.47926514692952,159.22203304943847,161.12962341308594,2856100,0.0,0.0
2025-12-30 00:00:00-05:00,161.2889304622563,162.3442753543439,160.35305399061235,161.9062042236328,2220600,0.0,0.0
2025-12-31 00:00:00-05:00,162.17502216985076,163.77795596354952,160.5123541663691,160.6218719482422,1845100,0.0,0.0
2026-01-02 00:00:00-05:00,163.1706459769508,168.5369873370073,163.1706459769508,164.5047607421875,3838400,0.0,0.0
2026-01-05 00:00:00-05:00,168.62657907647937,170.9015531676821,159.486880159956,162.21484375,4385200,0.0,0.0
2026-01-06 00:00:00-05:00,168.25821619147175,171.85237159471362,163.0611268783782,168.785888671875,6577500,0.0,0.0
2026-01-07 00:00:00-05:00,167.9097351397495,167.9097351397495,152.8660571541882,153.92141723632812,9433200,0.0,0.0
2026-01-08 00:00:00-05:00,154.56856386127188,155.11615279415125,148.53516534510666,149.93898010253906,6866800,0.0,0.0
2026-01-09 00:00:00-05:00,173.564807497009,173.97301151203592,165.1519004915167,165.63973999023438,14316000,0.0,0.0
2026-01-12 00:00:00-05:00,163.94722487132185,175.96425424513632,163.3598181587635,171.822509765625,7189100,0.0,0.0
2026-01-13 00:00:00-05:00,173.23626475307813,174.67989725432432,170.07022996517875,170.66758728027344,5430300,0.0,0.0
2026-01-14 00:00:00-05:00,168.64648716895115,170.42862354565602,165.32115124845976,168.22833251953125,3888200,0.0,0.0
2026-01-15 00:00:00-05:00,172.24065206470445,181.75868797932392,170.92643864127308,179.38912963867188,7116800,0.0,0.0
2026-01-16 00:00:00-05:00,166.8145709957494,170.3688931921442,162.29449004114488,165.86874389648438,13330600,0.0,0.0
2026-01-20 00:00:00-05:00,160.56213429934485,165.27136843539267,155.56416456644644,156.1217041015625,7599100,0.0,0.0
2026-01-21 00:00:00-05:00,158.31205043292397,161.26901539915812,153.095060137281,159.317626953125,6651300,0.0,0.0
2026-01-22 00:00:00-05:00,161.21921337641487,162.7823292737431,158.45141718881789,159.65611267089844,4176200,0.0,0.0
2026-01-23 00:00:00-05:00,159.29770687419332,162.15510462986896,157.3064855382659,159.41717529296875,4475800,0.0,0.0
2026-01-26 00:00:00-05:00,159.88511610005452,164.58439974395395,157.206920929362,158.11293029785156,3953100,0.0,0.0
2026-01-27 00:00:00-05:00,158.80985083209075,163.897421909946,157.45581972746157,163.53900146484375,3622100,0.0,0.0
2026-01-28 00:00:00-05:00,165.27136905257052,165.82890858976862,160.45261711900056,164.91294860839844,4263800,0.0,0.0
2026-01-29 00:00:00-05:00,165.23154759025607,167.14311818552758,158.05817114548202,161.8663787841797,4798800,0.0,0.0
2026-01-30 00:00:00-05:00,160.79112048362506,163.7779524430732,156.17148766068445,157.6549530029297,3810800,0.0,0.0
2026-02-02 00:00:00-05:00,156.95802066384337,159.27779541616977,153.35391479385132,153.58290100097656,5506900,0.0,0.0
2026-02-03 00:00:00-05:00,155.43474612714954,155.81308307523042,149.73189088541807,152.3284454345703,4375800,0.0,0.0
2026-02-04 00:00:00-05:00,152.51760392941753,152.98554216874854,138.6587049569375,141.89443969726562,13329800,0.0,0.0
2026-02-05 00:00:00-05:00,140.3811103944056,143.27834121241057,137.92195072037836,142.44203186035156,7112900,0.0,0.0
2026-02-06 00:00:00-05:00,149.3416033628272,151.5916780511076,146.77292596196895,148.99313354492188,7406400,0.0,0.0
2026-02-09 00:00:00-05:00,149.34160375587453,155.09623233858915,147.13134680494252,152.29856872558594,5097000,0.0,0.0
2026-02-10 00:00:00-05:00,159.6959515107262,160.71147868674825,154.13049129819632,158.89947509765625,9074400,0.0,0.0
2026-02-11 00:00:00-05:00,164.27575438827165,164.58439125370504,157.85406884600172,159.44703674316406,4279300,0.0,0.0
2026-02-12 00:00:00-05:00,160.0245168701245,165.4804748981249,159.6959634887737,162.38412475585938,7493800,0.0,0.0
2026-02-13 00:00:00-05:00,161.68717635401921,170.9065414296663,160.79113277441684,170.73728942871094,5967900,0.0,0.0
2026-02-17 00:00:00-05:00,170.12995068248534,175.87461312562888,169.20402488940456,172.9176483154297,4655500,0.0,0.0
2026-02-18 00:00:00-05:00,173.24620752992848,174.72967289995523,168.86552665075746,169.82131958007812,3622700,0.0,0.0
2026-02-19 00:00:00-05:00,169.16421559282674,171.81254366813903,167.51149820521258,171.7428436279297,3154700,0.0,0.0
2026-02-20 00:00:00-05:00,171.54373334059196,172.73846318883776,168.25821486405522,170.64767456054688,3879800,0.0,0.0
2026-02-23 00:00:00-05:00,169.89099175465807,171.08572143333035,164.484833502146,167.06346130371094,4133200,0.0,0.0
2026-02-24 00:00:00-05:00,166.54575253435888,170.9264334285727,162.16507164014504,170.86669921875,4375300,0.0,0.0
2026-02-25 00:00:00-05:00,171.6233707365291,175.1677422617244,169.33346317610565,174.5902862548828,4810200,0.0,0.0
2026-02-26 00:00:00-05:00,170.6078581743644,176.45208839653003,163.38968026027408,176.0438995361328,7746200,0.0,0.0
2026-02-27 00:00:00-05:00,174.23188331400647,177.52735250485534,170.1399224753592,173.1267547607422,5494900,0.0,0.0
2026-03-02 00:00:00-05:00,169.45294145555314,175.74520849616408,165.10212747181956,165.2614288330078,5138100,0.0,0.0
2026-03-03 00:00:00-05:00,160.98029899568857,162.81221906589786,152.3085229805889,160.99024963378906,6653900,0.0,0.0
2026-03-04 00:00:00-05:00,160.8807395492741,163.4892500788027,159.695960310598,162.64297485351562,4677700,0.0,0.0
2026-03-05 00:00:00-05:00,161.16946213886584,167.2327275490444,160.97032784892207,166.66522216796875,4946400,0.0,0.0
2026-03-06 00:00:00-05:00,163.72817353098435,167.64093140894278,157.60517391660917,157.95362854003906,5625400,0.0,0.0
2026-03-09 00:00:00-04:00,155.2156942590018,163.90738617164777,154.31965075072276,162.9018096923828,4109000,0.0,0.0
2026-03-10 00:00:00-04:00,164.63419879261915,168.049136467737,163.58382152250098,163.67840576171875,4148000,0.0,0.0
2026-03-11 00:00:00-04:00,162.88192468054083,163.27021226513898,154.4690016945573,158.46141052246094,6074600,0.0,0.0
2026-03-12 00:00:00-04:00,156.39053554883282,162.48366836508146,156.01219860942956,158.8795623779297,4053200,0.0,0.0
2026-03-13 00:00:00-04:00,161.04996747215574,164.51470334742314,157.0376579125683,158.25230407714844,3679600,0.0,0.0
2026-03-16 00:00:00-04:00,160.2933164170115,162.78234306944958,159.40722353641607,161.2789764404297,2775200,0.0,0.0
2026-03-17 00:00:00-04:00,162.0953711375739,164.73374853443752,161.40839734294974,163.60870361328125,2065300,0.0,0.0
2026-03-18 00:00:00-04:00,165.02247702570926,172.24065475383227,164.77357434542915,169.373291015625,3685300,0.0,0.0
2026-03-19 00:00:00-04:00,166.43624161288574,168.85558355312216,163.50914367641366,166.63536071777344,3106700,0.0,0.0
2026-03-20 00:00:00-04:00,165.96538468001637,165.96538468001637,144.39098210392228,145.57737731933594,11109500,0.228,0.0
2026-03-23 00:00:00-04:00,150.99093957631376,155.4274482185453,148.8823600509398,150.8314208984375,5338500,0.0,0.0
2026-03-24 00:00:00-04:00,150.09365955469914,153.6329019237976,149.0966907303073,152.257080078125,3995500,0.0,0.0
2026-03-25 00:00:00-04:00,154.53016201750788,157.4712168972693,149.9241710886106,151.0507354736328,3512900,0.0,0.0
2026-03-26 00:00:00-04:00,149.04684773762656,152.20723726548843,146.04597688176392,151.83836364746094,4437900,0.0,0.0
2026-03-27 00:00:00-04:00,151.29002321204584,159.7144069645419,151.29002321204584,155.0087127685547,4554500,0.0,0.0
2026-03-30 00:00:00-04:00,156.62380816297775,158.44824772185657,146.15563552250282,147.0927734375,4734900,0.0,0.0
2026-03-31 00:00:00-04:00,143.46379640963983,151.01085711599706,141.90852760047906,149.8743133544922,5402200,0.0,0.0
2026-04-01 00:00:00-04:00,151.0108739788665,155.86610744418965,150.94107885686216,153.4933319091797,3782800,0.0,0.0
2026-04-02 00:00:00-04:00,150.75166378315097,154.09150024289326,149.66495619472175,150.72174072265625,2950300,0.0,0.0
2026-04-06 00:00:00-04:00,150.5821572945331,152.640900251813,149.4256850754321,151.1304931640625,2309800,0.0,0.0
2026-04-07 00:00:00-04:00,150.61208315373165,153.6927130790901,149.8244692867079,153.2141571044922,2229100,0.0,0.0
2026-04-08 00:00:00-04:00,160.26273417357,160.82103426607864,154.81927784653794,155.41746520996094,4320600,0.0,0.0
2026-04-09 00:00:00-04:00,155.4174687920074,162.03734115046586,152.217192185247,152.2869873046875,4103200,0.0,0.0
2026-04-10 00:00:00-04:00,153.03471889874004,158.1491739814135,152.64590165466493,154.260986328125,2900900,0.0,0.0
2026-04-13 00:00:00-04:00,152.18727917670213,160.23282458590634,152.18727917670213,157.720458984375,4458600,0.0,0.0
2026-04-14 00:00:00-04:00,161.91770777790776,164.7790033892027,159.85896475513243,163.4729766845703,3767300,0.0,0.0
2026-04-15 00:00:00-04:00,164.99834376494834,166.01525624585003,161.65849205085442,162.44610595703125,3098300,0.0,0.0
2026-04-16 00:00:00-04:00,164.07116249090004,166.41403004013492,162.11709695208887,165.0282440185547,3126000,0.0,0.0
2026-04-17 00:00:00-04:00,165.75602372671327,167.9792750569991,161.7681486105524,162.9645233154297,4104300,0.0,0.0
2026-04-20 00:00:00-04:00,162.55576550581117,163.55273430350087,157.8401073522492,159.11622619628906,2924100,0.0,0.0
2026-04-21 00:00:00-04:00,160.27270346822385,160.61168443160082,153.66281047669776,154.44044494628906,3748800,0.0,0.0
2026-04-22 00:00:00-04:00,157.3216813271996,158.59780018753764,154.45040628517063,155.31776428222656,2642200,0.0,0.0
2026-04-23 00:00:00-04:00,155.487271071459,158.38843891067296,154.03168983323997,156.37457275390625,3272600,0.0,0.0
2026-04-24 00:00:00-04:00,155.85614269360005,164.97840161813585,154.67971153594723,163.85183715820312,3481400,0.0,0.0
2026-04-27 00:00:00-04:00,164.4998606300438,167.90949227941658,158.25385137886516,166.0750732421875,4577600,0.0,0.0
2026-04-28 00:00:00-04:00,162.0074442474591,162.82994053728473,158.23890306904428,160.63162231445312,5205600,0.0,0.0
2026-04-29 00:00:00-04:00,160.37239859988554,160.6505598264925,152.61598270652559,153.32382202148438,4992800,0.0,0.0
2026-04-30 00:00:00-04:00,155.81625227261756,159.14613973757457,155.25795215994083,157.36155700683594,3954800,0.0,0.0
2026-05-01 00:00:00-04:00,157.83014065546638,159.6545955278646,154.4603809795305,154.809326171875,3144000,0.0,0.0
2026-05-04 00:00:00-04:00,157.21201687013843,161.88780310594194,156.9627746632196,160.36244201660156,4209300,0.0,0.0
2026-05-05 00:00:00-04:00,162.50591323250367,163.30349130928093,159.31561613793116,159.89385986328125,3567200,0.0,0.0
2026-05-06 00:00:00-04:00,161.00548298043302,162.49596178734714,156.125331309118,157.81019592285156,8214800,0.0,0.0
2026-05-07 00:00:00-04:00,162.54579593020233,167.87958540602264,153.3039055686938,153.4833526611328,7895800,0.0,0.0
2026-05-08 00:00:00-04:00,154.53017969878664,154.53017969878664,146.53448485099034,147.27224731445312,8074500,0.0,0.0
2026-05-11 00:00:00-04:00,147.55138458580342,152.28698645595588,145.834604165071,151.589111328125,5905400,0.0,0.0
2026-05-12 00:00:00-04:00,149.0368888529005,149.8673565368982,145.21849607595055,146.42481994628906,4904300,0.0,0.0
2026-05-13 00:00:00-04:00,145.83659273368596,145.83659273368596,139.08710979598214,142.17771911621094,6385400,0.0,0.0
2026-05-14 00:00:00-04:00,140.951451078681,142.8606396001419,139.49786280765022,141.46986389160156,5117100,0.0,0.0
2026-05-15 00:00:00-04:00,139.35132031708275,140.66233683957932,137.39228010202052,139.25660705566406,6632200,0.0,0.0
2026-05-18 00:00:00-04:00,138.57865947604833,139.11701592006526,133.4542405902556,136.33547973632812,6321800,0.0,0.0
2026-05-19 00:00:00-04:00,135.38837392247325,136.28563980941678,132.25789231769718,134.3016815185547,5860700,0.0,0.0
2026-05-20 00:00:00-04:00,137.58170890808105,144.4607882684698,137.39228238210003,143.5635223388672,7901600,0.0,0.0
2026-05-21 00:00:00-04:00,145.02905476165705,148.82750351349796,144.440846811708,148.62811279296875,4621400,0.0,0.0
2026-05-22 00:00:00-04:00,150.57220345874603,157.09238822473375,150.29305339912048,155.79632568359375,8062500,0.0,0.0
2026-05-26 00:00:00-04:00,158.4283199563642,166.892575561933,157.74040903169882,164.06118774414062,8511800,0.0,0.0
2026-05-27 00:00:00-04:00,164.4599993113688,164.52180785494,157.92785701721814,159.66456604003906,4896900,0.0,0.0
2026-05-28 00:00:00-04:00,158.35853654325766,163.03432312175576,157.1223048423588,159.79417419433594,3598000,0.0,0.0
2026-05-29 00:00:00-04:00,159.51500990445234,161.79806179019363,156.4044720793273,159.7443084716797,3781200,0.0,0.0
2026-06-01 00:00:00-04:00,156.52409377273574,158.06939837796736,150.87128278491895,154.29087829589844,4322700,0.0,0.0
2026-06-02 00:00:00-04:00,155.46731968061988,160.2926451015208,152.41659753610432,157.4911651611328,4544900,0.0,0.0
2026-06-03 00:00:00-04:00,156.03557814189736,157.43134356017228,152.48637172227376,153.33380126953125,3884900,0.0,0.0
2026-06-04 00:00:00-04:00,151.08065914366216,153.57308137273006,149.73476026748833,153.23411560058594,2969400,0.0,0.0
2026-06-05 00:00:00-04:00,151.53925102073157,153.82230278009388,147.05289161551255,148.30906677246094,3673400,0.0,0.0
2026-06-08 00:00:00-04:00,147.86044158534838,148.84744618248166,145.93629908656126,146.4547119140625,3327700,0.0,0.0
2026-06-09 00:00:00-04:00,147.97010749262537,149.8444137049174,141.11095727958784,145.7767791748047,4059000,0.0,0.0
2026-06-10 00:00:00-04:00,142.91548904267367,143.56351270249644,137.4919761287956,138.12005615234375,5195000,0.0,0.0
2026-06-11 00:00:00-04:00,140.56264814900112,146.4547226800633,139.14695416207263,145.93630981445312,5127400,0.0,0.0
2026-06-12 00:00:00-04:00,147.5513759454403,150.04379783641056,146.5544071890522,147.57131958007812,4573500,0.0,0.0
2026-06-15 00:00:00-04:00,152.34680242912668,154.97879949642305,149.79356066522823,153.05465698242188,4455200,0.0,0.0
2026-06-16 00:00:00-04:00,152.78547314896633,160.99052235774954,152.3667480660038,158.1292266845703,4942900,0.0,0.0
2026-06-17 00:00:00-04:00,158.08436039474074,161.94761449935302,156.73347192863818,158.3485565185547,4490400,0.0,0.0
2026-06-18 00:00:00-04:00,161.59867493226724,169.8236678270296,159.54492156467194,163.25364685058594,7976300,0.0,0.0
2026-06-22 00:00:00-04:00,163.23767622672088,170.2212346136053,162.63365442585535,166.9865264892578,4971200,0.229,0.0
2026-06-23 00:00:00-04:00,159.81827568024323,165.55387789737293,158.88480681548526,162.12449645996094,3855400,0.0,0.0
2026-06-24 00:00:00-04:00,162.7634407827153,165.36917397885486,159.61859720254435,162.60369873046875,3722600,0.0,0.0
2026-06-25 00:00:00-04:00,166.63710252901595,171.06984547925563,165.73856490638215,167.49569702148438,3633200,0.0,0.0
2026-06-26 00:00:00-04:00,165.58882224056472,167.6554299030539,162.92318947465887,163.2227020263672,5487400,0.0,0.0
2026-06-29 00:00:00-04:00,163.43235111988275,165.32925380274486,160.75674017209832,162.11451721191406,2814800,0.0,0.0
2026-06-30 00:00:00-04:00,162.31417446947515,165.17947698473648,156.25409194543843,158.37063598632812,4182000,0.0,0.0
2026-07-01 00:00:00-04:00,155.7449447043256,157.06279385637532,150.803040851822,152.9095916748047,5090100,0.0,0.0
2026-07-02 00:00:00-04:00,153.69829201971834,155.98455645000206,148.25720569907932,150.80303955078125,4254100,0.0,0.0
2026-07-06 00:00:00-04:00,152.22071775482053,156.9829232262859,151.76146313688724,156.96295166015625,3395800,0.0,0.0
2026-07-07 00:00:00-04:00,155.8747274422484,159.14936332096724,153.75818334953465,155.47537231445312,3027300,0.0,0.0
2026-07-08 00:00:00-04:00,153.7382344801384,156.2331415895755,151.07260171232167,154.56687927246094,3605700,0.0,0.0
2026-07-09 00:00:00-04:00,158.75000965483918,160.9164598288642,157.18758126082085,157.72169494628906,2907500,0.0,0.0
2026-07-10 00:00:00-04:00,157.29240978215097,159.75837256630666,156.79322727902377,158.6002655029297,2996000,0.0,0.0
2026-07-13 00:00:00-04:00,157.3922326957118,159.16932113792978,155.94460652431053,157.86146545410156,3613300,0.0,0.0
2026-07-14 00:00:00-04:00,160.7367648322217,167.93498317759816,156.77525020081293,158.17095947265625,5415600,0.0,0.0
2026-07-15 00:00:00-04:00,162.23431036375877,166.6670533428046,157.6817684611195,159.968017578125,5504500,0.0,0.0
2026-07-16 00:00:00-04:00,157.61187785233344,157.84151277095702,148.2751785989797,152.31056213378906,7070000,0.0,0.0
2026-07-17 00:00:00-04:00,150.1141562183721,156.99289019365625,147.89778478516618,155.18585205078125,4441000,0.0,0.0
2026-07-20 00:00:00-04:00,157.2624566915011,158.31074297244476,155.34559774849816,157.731689453125,3256700,0.0,0.0
2026-07-21 00:00:00-04:00,160.72678502527975,164.19111275499768,159.74837636792577,162.06459045410156,3721400,0.0,0.0
2026-07-22 00:00:00-04:00,159.84821223705563,167.5356192804338,159.3690013280802,166.46737670898438,2971500,0.0,0.0
2026-07-23 00:00:00-04:00,165.98815095371646,168.78357585797346,164.74019476733744,168.70370483398438,2538200,0.0,0.0
2026-07-24 00:00:00-04:00,168.41918137217186,169.48242724004464,162.04461146143865,163.1128692626953,2553500,0.0,0.0
2026-07-27 00:00:00-04:00,165.22941289896104,165.8733626104779,155.28569047115448,156.82318115234375,4478000,0.0,0.0
2026-07-28 00:00:00-04:00,153.66833862566426,153.73823148775043,145.97095302396042,148.39697265625,5857500,0.0,0.0
2026-07-29 00:00:00-04:00,148.48184525472092,149.03593053440483,141.92257969208887,142.57650756835938,4925900,0.0,0.0
2026-07-30 00:00:00-04:00,147.75801748672478,151.72152768801513,146.84452023015285,148.3769989013672,4599600,0.0,0.0
2026-07-31 00:00:00-04:00,151.60172759567075,152.87963354537135,146.28044044916157,147.9477081298828,4390700,0.0,0.0
2026-08-03 00:00:00-04:00,148.52676798439288,156.69838321881628,145.950984410047,155.68504333496094,4022300,0.0,0.0
2026-08-04 00:00:00-04:00,155.34560488144132,156.73333166485878,142.79614913241105,142.99581909179688,11503000,0.0,0.0
2026-08-05 00:00:00-04:00,143.6597412255771,145.26211284405133,139.94082537022544,140.35015869140625,6091500,0.0,0.0
2026-08-06 00:00:00-04:00,141.76783091647707,142.78915332137973,139.91087139511887,141.1488494873047,5422800,0.0,0.0
2026-08-07 00:00:00-04:00,138.38836107258513,142.4566951395692,134.5296751111876,140.36012268066406,7860700,0.0,0.0
2026-08-10 00:00:00-04:00,141.6779764756752,144.62315008888652,140.82037219219583,142.6363983154297,4609100,0.0,0.0
2026-08-11 00:00:00-04:00,144.30366088377582,146.6598027377989,142.87600634013873,144.68304443359375,3356800,0.0,0.0
2026-08-12 00:00:00-04:00,148.75638439084472,149.13576796412025,145.06243695273957,146.44017028808594,2680000,0.0,0.0
2026-08-13 00:00:00-04:00,146.0108806166469,147.5283996755398,144.56424461935143,146.16062927246094,2839700,0.0,0.0
2026-08-14 00:00:00-04:00,146.6598174224476,149.93445351573774,145.89108731452137,147.8878173828125,3040000,0.0,0.0
2026-08-17 00:00:00-04:00,149.12577338554786,149.61997441362894,144.9725866131084,145.87110900878906,4037700,0.0,0.0
2026-08-18 00:00:00-04:00,144.26374108098722,145.3020339678843,138.54311395273214,140.29025268554688,4310800,0.0,0.0
2026-08-19 00:00:00-04:00,140.50988804069158,142.53656766317886,137.90415492123074,142.4666748046875,4322300,0.0,0.0
2026-08-20 00:00:00-04:00,142.46667634470785,143.2653713572305,138.10382635660227,138.71282958984375,3737000,0.0,0.0
2026-08-21 00:00:00-04:00,139.76112320582982,140.08657898691698,135.95733972207225,135.9873046875,5095600,0.0,0.0
2026-08-24 00:00:00-04:00,135.6578434268122,136.97567732806303,134.28009482809625,135.43820190429688,5193900,0.0,0.0
2026-08-25 00:00:00-04:00,138.14376402415192,140.03067331737162,137.16537056236726,138.8026885986328,4036000,0.0,0.0
2026-08-26 00:00:00-04:00,139.17206586544498,143.7945003899874,139.07721997789918,139.80104064941406,3428500,0.0,0.0
2026-08-27 00:00:00-04:00,141.76782738676016,142.2720065772956,138.22362865532304,139.58140563964844,2966200,0.0,0.0
2026-08-28 00:00:00-04:00,140.6596345109058,140.86929784929293,136.38663382518607,136.8658447265625,3074100,0.0,0.0
2026-08-31 00:00:00-04:00,136.5663322539544,137.71446106528964,135.39824711235727,137.1453857421875,4146600,0.0,0.0
2026-09-01 00:00:00-04:00,136.27681435431222,139.0522676697075,134.6794243562568,137.85423278808594,4288600,0.0,0.0
2026-09-02 00:00:00-04:00,137.59467065684962,143.91031639088973,136.72608275386884,143.22544860839844,4766100,0.0,0.0
2026-09-03 00:00:00-04:00,144.76291532377263,148.53274228675608,142.57649368250264,143.98419189453125,4321900,0.0,0.0
2026-09-04 00:00:00-04:00,143.63476324012808,149.20564159617572,142.92593264296573,149.05589294433594,4616700,0.0,0.0
2026-09-08 00:00:00-04:00,150.7531150678831,154.6467324761,150.11915877678038,151.47193908691406,7000200,0.0,0.0
2026-09-09 00:00:00-04:00,149.75474350390658,151.31219039893278,148.6565359580085,150.8529510498047,3891300,0.0,0.0
2026-09-10 00:00:00-04:00,149.75474389568032,152.55016882850109,146.78959874783862,146.8095703125,4544300,0.0,0.0
2026-09-11 00:00:00-04:00,148.57668843832136,148.83625785732886,146.43019452163537,148.1374053955078,3174800,0.0,0.0
2026-09-14 00:00:00-04:00,143.76455079491973,145.00851569894317,140.14048120213567,140.49989318847656,5232800,0.0,0.0
2026-09-15 00:00:00-04:00,141.60808996015618,142.98583855460228,140.0306714096353,141.29859924316406,5593100,0.0,0.0
2026-09-16 00:00:00-04:00,143.14557825325804,143.46504713094308,139.39171611203273,140.16046142578125,3832600,0.0,0.0
2026-09-17 00:00:00-04:00,143.86439721724884,145.87110530807436,141.29859195089065,143.3252716064453,3952100,0.0,0.0
2026-09-18 00:00:00-04:00,143.16055315450825,144.21382091516065,139.98076307327452,140.44000244140625,5269000,0.0,0.0
2026-09-21 00:00:00-04:00,142.0,142.44000244140625,138.9499969482422,140.77999877929688,4506500,0.23,0.0
2026-09-22 00:00:00-04:00,141.44000244140625,142.63999938964844,140.0,140.41000366210938,4771300,0.0,0.0
2026-09-23 00:00:00-04:00,139.57000732421875,140.5,137.6199951171875,137.97000122070312,4412200,0.0,0.0
2026-09-24 00:00:00-04:00,136.1999969482422,139.1300048828125,135.97999572753906,137.94000244140625,3645000,0.0,0.0
2026-09-25 00:00:00-04:00,138.9600067138672,140.10000610351562,136.02499389648438,138.4600067138672,5006300,0.0,0.0
2026-09-28 00:00:00-04:00,138.0800018310547,139.00999450683594,135.77000427246094,138.02000427246094,4346500,0.0,0.0
2026-09-29 00:00:00-04:00,140.0,143.50999450683594,138.85000610351562,140.8300018310547,4840700,0.0,0.0
